Unix Timestamp (UTC),Degrees (Â°C)
1579046400106,23.371000
1579046401106,23.371000
1579046402106,23.371000
1579046403106,23.371000
1579046404106,23.342000
1579046405106,23.371000
1579046406105,23.371000
1579046407105,23.371000
1579046408105,23.371000
1579046409105,23.371000
1579046410105,23.371000
1579046411105,23.371000
1579046412105,23.371000
1579046413105,23.371000
1579046414104,23.371000
1579046415104,23.371000
1579046416104,23.371000
1579046417104,23.342000
1579046418104,23.371000
1579046419104,23.342000
1579046420104,23.342000
1579046421103,23.342000
1579046422103,23.371000
1579046423103,23.371000
1579046424103,23.371000
1579046425103,23.342000
1579046426103,23.371000
1579046427103,23.342000
1579046428103,23.371000
1579046429102,23.371000
1579046430102,23.342000
1579046431102,23.342000
1579046432102,23.371000
1579046433102,23.371000
1579046434102,23.371000
1579046435102,23.371000
1579046436102,23.371000
1579046437101,23.371000
1579046438101,23.371000
1579046439101,23.371000
1579046440101,23.342000
1579046441101,23.371000
1579046442101,23.371000
1579046443101,23.371000
1579046444100,23.371000
1579046445100,23.371000
1579046446100,23.371000
1579046447100,23.371000
1579046448100,23.371000
1579046449100,23.371000
1579046450100,23.371000
1579046451100,23.342000
1579046452099,23.371000
1579046453099,23.371000
1579046454099,23.371000
1579046455099,23.371000
1579046456099,23.371000
1579046457099,23.371000
1579046458099,23.371000
1579046459099,23.371000
1579046460098,23.371000
1579046461098,23.371000
1579046462098,23.371000
1579046463098,23.371000
1579046464098,23.342000
1579046465098,23.342000
1579046466098,23.342000
1579046467097,23.371000
1579046468097,23.371000
1579046469097,23.371000
1579046470097,23.371000
1579046471097,23.371000
1579046472097,23.371000
1579046473097,23.371000
1579046474097,23.371000
1579046475096,23.371000
1579046476096,23.371000
1579046477096,23.371000
1579046478096,23.371000
1579046479096,23.371000
1579046480096,23.371000
1579046481096,23.371000
1579046482096,23.371000
1579046483095,23.371000
1579046484095,23.371000
1579046485095,23.371000
1579046486095,23.371000
1579046487095,23.371000
1579046488095,23.371000
1579046489095,23.371000
1579046490094,23.400000
1579046491094,23.371000
1579046492094,23.371000
1579046493094,23.371000
1579046494094,23.400000
1579046495094,23.371000
1579046496094,23.371000
1579046497094,23.371000
1579046498093,23.371000
1579046499093,23.371000
1579046500093,23.371000
1579046501093,23.400000
1579046502093,23.371000
1579046503093,23.371000
1579046504093,23.371000
1579046505093,23.371000
1579046506092,23.371000
1579046507092,23.371000
1579046508092,23.371000
1579046509092,23.371000
1579046510092,23.400000
1579046511092,23.371000
1579046512091,23.371000
1579046513091,23.400000
1579046514091,23.371000
1579046515091,23.371000
1579046516091,23.371000
1579046517091,23.371000
1579046518091,23.371000
1579046519090,23.371000
1579046520090,23.400000
1579046521090,23.371000
1579046522090,23.371000
1579046523090,23.400000
1579046524090,23.400000
1579046525089,23.371000
1579046526089,23.371000
1579046527089,23.371000
1579046528089,23.400000
1579046529089,23.371000
1579046530089,23.400000
1579046531089,23.400000
1579046532088,23.371000
1579046533088,23.400000
1579046534088,23.400000
1579046535088,23.400000
1579046536088,23.400000
1579046537088,23.400000
1579046538087,23.400000
1579046539087,23.400000
1579046540087,23.371000
1579046541087,23.400000
1579046542087,23.400000
1579046543087,23.400000
1579046544087,23.400000
1579046545086,23.400000
1579046546086,23.400000
1579046547086,23.400000
1579046548086,23.400000
1579046549086,23.400000
1579046550086,23.400000
1579046551085,23.400000
1579046552085,23.400000
1579046553085,23.400000
1579046554085,23.400000
1579046555085,23.371000
1579046556085,23.400000
1579046557085,23.371000
1579046558084,23.400000
1579046559084,23.400000
1579046560084,23.400000
1579046561084,23.400000
1579046562084,23.400000
1579046563084,23.400000
1579046564083,23.400000
1579046565083,23.400000
1579046566083,23.400000
1579046567083,23.400000
1579046568083,23.400000
1579046569083,23.400000
1579046570083,23.400000
1579046571082,23.400000
1579046572082,23.400000
1579046573082,23.400000
1579046574082,23.400000
1579046575082,23.400000
1579046576082,23.400000
1579046577081,23.400000
1579046578081,23.400000
1579046579081,23.400000
1579046580081,23.400000
1579046581081,23.400000
1579046582081,23.400000
1579046583081,23.400000
1579046584080,23.400000
1579046585080,23.400000
1579046586080,23.400000
1579046587080,23.400000
1579046588080,23.400000
1579046589080,23.400000
1579046590079,23.400000
1579046591079,23.400000
1579046592079,23.400000
1579046593079,23.400000
1579046594079,23.400000
1579046595079,23.400000
1579046596079,23.400000
1579046597078,23.400000
1579046598078,23.400000
1579046599078,23.400000
1579046600078,23.400000
1579046601078,23.400000
1579046602078,23.400000
1579046603077,23.400000
1579046604077,23.400000
1579046605077,23.400000
1579046606077,23.400000
1579046607077,23.400000
1579046608077,23.400000
1579046609077,23.400000
1579046610076,23.400000
1579046611076,23.429000
1579046612076,23.400000
1579046613076,23.400000
1579046614076,23.400000
1579046615076,23.429000
1579046616075,23.400000
1579046617075,23.400000
1579046618075,23.429000
1579046619075,23.400000
1579046620075,23.400000
1579046621075,23.429000
1579046622075,23.400000
1579046623074,23.400000
1579046624074,23.400000
1579046625074,23.429000
1579046626074,23.429000
1579046627074,23.400000
1579046628074,23.400000
1579046629073,23.400000
1579046630073,23.400000
1579046631073,23.429000
1579046632073,23.400000
1579046633073,23.429000
1579046634073,23.400000
1579046635073,23.429000
1579046636073,23.429000
1579046637073,23.400000
1579046638073,23.400000
1579046639073,23.400000
1579046640073,23.429000
1579046641073,23.400000
1579046642073,23.429000
1579046643073,23.429000
1579046644073,23.400000
1579046645073,23.400000
1579046646073,23.429000
1579046647073,23.429000
1579046648073,23.429000
1579046649074,23.429000
1579046650074,23.400000
1579046651074,23.429000
1579046652074,23.400000
1579046653074,23.400000
1579046654074,23.400000
1579046655074,23.429000
1579046656074,23.400000
1579046657074,23.400000
1579046658074,23.400000
1579046659074,23.400000
1579046660074,23.400000
1579046661074,23.429000
1579046662075,23.400000
1579046663075,23.429000
1579046664075,23.400000
1579046665075,23.429000
1579046666075,23.400000
1579046667075,23.429000
1579046668075,23.429000
1579046669075,23.400000
1579046670075,23.429000
1579046671075,23.429000
1579046672075,23.429000
1579046673075,23.400000
1579046674075,23.429000
1579046675075,23.429000
1579046676076,23.400000
1579046677076,23.429000
1579046678076,23.429000
1579046679076,23.400000
1579046680076,23.429000
1579046681076,23.400000
1579046682076,23.429000
1579046683076,23.429000
1579046684076,23.429000
1579046685076,23.429000
1579046686076,23.429000
1579046687076,23.400000
1579046688076,23.429000
1579046689077,23.429000
1579046690077,23.429000
1579046691077,23.429000
1579046692077,23.400000
1579046693077,23.429000
1579046694077,23.429000
1579046695077,23.400000
1579046696077,23.429000
1579046697077,23.429000
1579046698077,23.429000
1579046699077,23.429000
1579046700077,23.429000
1579046701077,23.400000
1579046702077,23.429000
1579046703078,23.429000
1579046704078,23.429000
1579046705078,23.429000
1579046706078,23.400000
1579046707078,23.400000
1579046708078,23.429000
1579046709078,23.429000
1579046710078,23.429000
1579046711078,23.429000
1579046712078,23.429000
1579046713078,23.429000
1579046714078,23.429000
1579046715078,23.429000
1579046716079,23.429000
1579046717079,23.429000
1579046718079,23.429000
1579046719079,23.429000
1579046720079,23.429000
1579046721079,23.429000
1579046722079,23.429000
1579046723079,23.429000
1579046724079,23.429000
1579046725079,23.429000
1579046726079,23.429000
1579046727079,23.429000
1579046728079,23.429000
1579046729079,23.429000
1579046730080,23.429000
1579046731080,23.429000
1579046732080,23.429000
1579046733080,23.458000
1579046734080,23.429000
1579046735080,23.429000
1579046736080,23.429000
1579046737080,23.429000
1579046738080,23.429000
1579046739080,23.429000
1579046740080,23.429000
1579046741080,23.429000
1579046742080,23.400000
1579046743081,23.429000
1579046744081,23.400000
1579046745081,23.429000
1579046746081,23.429000
1579046747081,23.429000
1579046748081,23.429000
1579046749081,23.429000
1579046750081,23.429000
1579046751081,23.429000
1579046752081,23.429000
1579046753081,23.429000
1579046754081,23.429000
1579046755081,23.429000
1579046756081,23.429000
1579046757082,23.429000
1579046758082,23.429000
1579046759082,23.429000
1579046760082,23.429000
1579046761082,23.429000
1579046762082,23.429000
1579046763082,23.429000
1579046764082,23.429000
1579046765082,23.429000
1579046766082,23.429000
1579046767082,23.429000
1579046768082,23.429000
1579046769082,23.429000
1579046770083,23.429000
1579046771082,23.429000
1579046772082,23.429000
1579046773082,23.429000
1579046774082,23.429000
1579046775082,23.458000
1579046776082,23.429000
1579046777081,23.429000
1579046778081,23.429000
1579046779081,23.429000
1579046780081,23.429000
1579046781081,23.429000
1579046782081,23.429000
1579046783080,23.429000
1579046784080,23.458000
1579046785080,23.429000
1579046786080,23.429000
1579046787080,23.429000
1579046788080,23.429000
1579046789080,23.429000
1579046790079,23.429000
1579046791079,23.429000
1579046792079,23.429000
1579046793079,23.429000
1579046794079,23.429000
1579046795079,23.429000
1579046796078,23.458000
1579046797078,23.429000
1579046798078,23.429000
1579046799078,23.429000
1579046800078,23.429000
1579046801078,23.429000
1579046802078,23.429000
1579046803077,23.429000
1579046804077,23.429000
1579046805077,23.429000
1579046806077,23.429000
1579046807077,23.429000
1579046808077,23.429000
1579046809076,23.429000
1579046810076,23.429000
1579046811076,23.458000
1579046812076,23.429000
1579046813076,23.458000
1579046814076,23.458000
1579046815076,23.429000
1579046816075,23.429000
1579046817075,23.458000
1579046818075,23.429000
1579046819075,23.429000
1579046820075,23.458000
1579046821075,23.429000
1579046822074,23.429000
1579046823074,23.458000
1579046824074,23.429000
1579046825074,23.458000
1579046826074,23.458000
1579046827074,23.458000
1579046828073,23.429000
1579046829073,23.458000
1579046830073,23.429000
1579046831073,23.429000
1579046832073,23.458000
1579046833073,23.429000
1579046834073,23.458000
1579046835072,23.458000
1579046836072,23.458000
1579046837072,23.429000
1579046838072,23.458000
1579046839072,23.458000
1579046840072,23.458000
1579046841071,23.458000
1579046842071,23.458000
1579046843071,23.458000
1579046844071,23.458000
1579046845071,23.458000
1579046846071,23.458000
1579046847071,23.458000
1579046848070,23.487000
1579046849070,23.458000
1579046850070,23.487000
1579046851070,23.487000
1579046852070,23.487000
1579046853070,23.458000
1579046854069,23.458000
1579046855069,23.458000
1579046856069,23.458000
1579046857069,23.458000
1579046858069,23.429000
1579046859069,23.429000
1579046860069,23.429000
1579046861068,23.400000
1579046862068,23.400000
1579046863068,23.400000
1579046864068,23.400000
1579046865068,23.371000
1579046866068,23.371000
1579046867067,23.371000
1579046868067,23.400000
1579046869067,23.429000
1579046870067,23.429000
1579046871067,23.429000
1579046872067,23.400000
1579046873066,23.458000
1579046874066,23.429000
1579046875066,23.429000
1579046876066,23.429000
1579046877066,23.429000
1579046878066,23.429000
1579046879066,23.429000
1579046880065,23.429000
1579046881065,23.429000
1579046882065,23.429000
1579046883065,23.429000
1579046884065,23.429000
1579046885065,23.429000
1579046886064,23.400000
1579046887064,23.400000
1579046888064,23.429000
1579046889064,23.400000
1579046890064,23.400000
1579046891064,23.429000
1579046892064,23.400000
1579046893063,23.400000
1579046894063,23.429000
1579046895063,23.429000
1579046896063,23.429000
1579046897063,23.429000
1579046898063,23.429000
1579046899062,23.458000
1579046900062,23.458000
1579046901062,23.458000
1579046902062,23.487000
1579046903062,23.487000
1579046904062,23.517000
1579046905062,23.546000
1579046906062,23.575000
1579046907062,23.575000
1579046908062,23.517000
1579046909062,23.458000
1579046910062,23.458000
1579046911062,23.458000
1579046912062,23.429000
1579046913062,23.458000
1579046914062,23.429000
1579046915062,23.458000
1579046916063,23.429000
1579046917063,23.429000
1579046918063,23.429000
1579046919063,23.429000
1579046920063,23.458000
1579046921063,23.458000
1579046922063,23.429000
1579046923063,23.429000
1579046924063,23.458000
1579046925063,23.429000
1579046926064,23.429000
1579046927064,23.429000
1579046928064,23.458000
1579046929064,23.458000
1579046930064,23.429000
1579046931064,23.429000
1579046932064,23.429000
1579046933064,23.458000
1579046934064,23.429000
1579046935064,23.458000
1579046936064,23.429000
1579046937065,23.429000
1579046938065,23.429000
1579046939065,23.458000
1579046940065,23.429000
1579046941065,23.429000
1579046942065,23.429000
1579046943065,23.429000
1579046944065,23.429000
1579046945065,23.429000
1579046946065,23.429000
1579046947066,23.458000
1579046948066,23.429000
1579046949066,23.458000
1579046950066,23.429000
1579046951066,23.429000
1579046952066,23.458000
1579046953066,23.429000
1579046954066,23.458000
1579046955066,23.458000
1579046956066,23.429000
1579046957066,23.458000
1579046958067,23.458000
1579046959067,23.458000
1579046960067,23.429000
1579046961067,23.429000
1579046962067,23.429000
1579046963067,23.458000
1579046964067,23.458000
1579046965067,23.458000
1579046966067,23.458000
1579046967067,23.429000
1579046968068,23.429000
1579046969068,23.429000
1579046970068,23.458000
1579046971068,23.429000
1579046972068,23.429000
1579046973068,23.458000
1579046974068,23.458000
1579046975068,23.458000
1579046976068,23.458000
1579046977068,23.458000
1579046978069,23.429000
1579046979069,23.429000
1579046980069,23.458000
1579046981069,23.458000
1579046982069,23.429000
1579046983069,23.429000
1579046984069,23.458000
1579046985069,23.429000
1579046986069,23.458000
1579046987069,23.458000
1579046988069,23.429000
1579046989070,23.458000
1579046990070,23.429000
1579046991070,23.429000
1579046992070,23.458000
1579046993070,23.429000
1579046994070,23.458000
1579046995070,23.429000
1579046996070,23.429000
1579046997070,23.429000
1579046998070,23.429000
1579046999071,23.429000
1579047000071,23.429000
1579047001071,23.458000
1579047002071,23.429000
1579047003071,23.458000
1579047004071,23.458000
1579047005071,23.429000
1579047006071,23.458000
1579047007071,23.458000
1579047008071,23.458000
1579047009071,23.458000
1579047010072,23.458000
1579047011072,23.429000
1579047012072,23.458000
1579047013072,23.458000
1579047014072,23.429000
1579047015072,23.458000
1579047016072,23.458000
1579047017072,23.458000
1579047018072,23.429000
1579047019072,23.458000
1579047020073,23.458000
1579047021073,23.458000
1579047022073,23.458000
1579047023073,23.458000
1579047024073,23.458000
1579047025073,23.458000
1579047026073,23.429000
1579047027073,23.458000
1579047028073,23.458000
1579047029073,23.429000
1579047030074,23.458000
1579047031073,23.458000
1579047032073,23.458000
1579047033073,23.458000
1579047034073,23.429000
1579047035073,23.458000
1579047036073,23.458000
1579047037072,23.458000
1579047038072,23.458000
1579047039072,23.429000
1579047040072,23.458000
1579047041072,23.458000
1579047042072,23.458000
1579047043071,23.429000
1579047044071,23.458000
1579047045071,23.458000
1579047046071,23.458000
1579047047071,23.458000
1579047048071,23.429000
1579047049070,23.458000
1579047050070,23.458000
1579047051070,23.458000
1579047052070,23.458000
1579047053070,23.458000
1579047054070,23.458000
1579047055069,23.458000
1579047056069,23.458000
1579047057069,23.458000
1579047058069,23.458000
1579047059069,23.458000
1579047060069,23.429000
1579047061068,23.458000
1579047062068,23.458000
1579047063068,23.458000
1579047064068,23.429000
1579047065068,23.458000
1579047066068,23.458000
1579047067068,23.458000
1579047068067,23.429000
1579047069067,23.458000
1579047070067,23.429000
1579047071067,23.458000
1579047072067,23.458000
1579047073067,23.458000
1579047074066,23.458000
1579047075066,23.458000
1579047076066,23.458000
1579047077066,23.458000
1579047078066,23.429000
1579047079066,23.458000
1579047080065,23.458000
1579047081065,23.458000
1579047082065,23.458000
1579047083065,23.458000
1579047084065,23.429000
1579047085065,23.458000
1579047086064,23.458000
1579047087064,23.458000
1579047088064,23.458000
1579047089064,23.429000
1579047090064,23.458000
1579047091064,23.458000
1579047092063,23.429000
1579047093063,23.458000
1579047094063,23.458000
1579047095063,23.458000
1579047096063,23.458000
1579047097063,23.458000
1579047098063,23.458000
1579047099062,23.458000
1579047100062,23.458000
1579047101062,23.458000
1579047102062,23.429000
1579047103062,23.458000
1579047104062,23.458000
1579047105061,23.458000
1579047106061,23.429000
1579047107061,23.458000
1579047108061,23.458000
1579047109061,23.429000
1579047110061,23.458000
1579047111060,23.458000
1579047112060,23.429000
1579047113060,23.429000
1579047114060,23.458000
1579047115060,23.458000
1579047116060,23.458000
1579047117059,23.458000
1579047118059,23.458000
1579047119059,23.458000
1579047120059,23.458000
1579047121059,23.458000
1579047122059,23.458000
1579047123058,23.458000
1579047124058,23.458000
1579047125058,23.458000
1579047126058,23.458000
1579047127058,23.458000
1579047128058,23.458000
1579047129058,23.458000
1579047130057,23.458000
1579047131057,23.458000
1579047132057,23.458000
1579047133057,23.458000
1579047134057,23.458000
1579047135057,23.458000
1579047136056,23.458000
1579047137056,23.429000
1579047138056,23.458000
1579047139056,23.458000
1579047140056,23.458000
1579047141056,23.429000
1579047142055,23.458000
1579047143055,23.458000
1579047144055,23.429000
1579047145055,23.458000
1579047146055,23.458000
1579047147055,23.458000
1579047148054,23.458000
1579047149054,23.429000
1579047150054,23.458000
1579047151054,23.458000
1579047152054,23.458000
1579047153054,23.458000
1579047154053,23.458000
1579047155053,23.458000
1579047156053,23.458000
1579047157053,23.458000
1579047158053,23.458000
1579047159053,23.458000
1579047160053,23.458000
1579047161053,23.458000
1579047162053,23.458000
1579047163053,23.458000
1579047164053,23.458000
1579047165053,23.429000
1579047166053,23.458000
1579047167053,23.458000
1579047168053,23.458000
1579047169053,23.458000
1579047170053,23.458000
1579047171054,23.458000
1579047172054,23.458000
1579047173054,23.458000
1579047174054,23.458000
1579047175054,23.458000
1579047176054,23.458000
1579047177054,23.458000
1579047178054,23.458000
1579047179054,23.429000
1579047180054,23.458000
1579047181055,23.458000
1579047182055,23.458000
1579047183055,23.458000
1579047184055,23.429000
1579047185055,23.458000
1579047186055,23.458000
1579047187055,23.458000
1579047188055,23.429000
1579047189055,23.458000
1579047190055,23.458000
1579047191055,23.429000
1579047192056,23.458000
1579047193056,23.458000
1579047194056,23.429000
1579047195056,23.458000
1579047196056,23.458000
1579047197056,23.458000
1579047198056,23.458000
1579047199056,23.458000
1579047200056,23.458000
1579047201056,23.458000
1579047202057,23.458000
1579047203057,23.458000
1579047204057,23.458000
1579047205057,23.458000
1579047206057,23.458000
1579047207057,23.458000
1579047208057,23.458000
1579047209057,23.458000
1579047210057,23.429000
1579047211057,23.458000
1579047212057,23.458000
1579047213058,23.458000
1579047214058,23.458000
1579047215058,23.487000
1579047216058,23.458000
1579047217058,23.458000
1579047218058,23.458000
1579047219058,23.458000
1579047220058,23.458000
1579047221058,23.458000
1579047222058,23.458000
1579047223059,23.458000
1579047224059,23.458000
1579047225059,23.458000
1579047226059,23.429000
1579047227059,23.458000
1579047228059,23.458000
1579047229059,23.458000
1579047230059,23.458000
1579047231059,23.458000
1579047232059,23.458000
1579047233060,23.429000
1579047234060,23.458000
1579047235060,23.429000
1579047236060,23.458000
1579047237060,23.458000
1579047238060,23.458000
1579047239060,23.458000
1579047240060,23.458000
1579047241060,23.458000
1579047242060,23.429000
1579047243060,23.458000
1579047244061,23.458000
1579047245061,23.429000
1579047246061,23.458000
1579047247061,23.458000
1579047248061,23.458000
1579047249061,23.458000
1579047250061,23.458000
1579047251061,23.458000
1579047252061,23.458000
1579047253061,23.458000
1579047254062,23.458000
1579047255062,23.458000
1579047256062,23.458000
1579047257062,23.458000
1579047258062,23.458000
1579047259062,23.458000
1579047260062,23.458000
1579047261062,23.429000
1579047262062,23.458000
1579047263062,23.458000
1579047264062,23.458000
1579047265063,23.458000
1579047266063,23.458000
1579047267063,23.458000
1579047268063,23.458000
1579047269063,23.458000
1579047270063,23.458000
1579047271063,23.458000
1579047272063,23.458000
1579047273063,23.458000
1579047274063,23.458000
1579047275064,23.458000
1579047276064,23.458000
1579047277064,23.458000
1579047278064,23.458000
1579047279064,23.458000
1579047280064,23.458000
1579047281064,23.458000
1579047282064,23.429000
1579047283064,23.458000
1579047284064,23.458000
1579047285065,23.458000
1579047286065,23.458000
1579047287065,23.458000
1579047288065,23.458000
1579047289065,23.458000
1579047290065,23.458000
1579047291065,23.458000
1579047292065,23.458000
1579047293065,23.458000
1579047294065,23.458000
1579047295065,23.458000
1579047296065,23.458000
1579047297065,23.458000
1579047298065,23.458000
1579047299066,23.458000
1579047300066,23.458000
1579047301066,23.458000
1579047302066,23.458000
1579047303066,23.458000
1579047304066,23.458000
1579047305066,23.458000
1579047306066,23.429000
1579047307066,23.458000
1579047308066,23.458000
1579047309066,23.429000
1579047310066,23.458000
1579047311066,23.458000
1579047312067,23.458000
1579047313067,23.458000
1579047314067,23.458000
1579047315067,23.458000
1579047316067,23.458000
1579047317067,23.458000
1579047318067,23.458000
1579047319067,23.458000
1579047320067,23.458000
1579047321067,23.458000
1579047322067,23.458000
1579047323067,23.458000
1579047324067,23.429000
1579047325067,23.458000
1579047326068,23.458000
1579047327068,23.458000
1579047328068,23.458000
1579047329068,23.458000
1579047330068,23.458000
1579047331068,23.458000
1579047332068,23.458000
1579047333068,23.458000
1579047334068,23.458000
1579047335068,23.458000
1579047336068,23.458000
1579047337068,23.458000
1579047338068,23.458000
1579047339069,23.458000
1579047340069,23.458000
1579047341069,23.458000
1579047342069,23.429000
1579047343069,23.458000
1579047344069,23.458000
1579047345069,23.458000
1579047346069,23.458000
1579047347069,23.458000
1579047348069,23.458000
1579047349069,23.458000
1579047350069,23.458000
1579047351069,23.458000
1579047352069,23.458000
1579047353070,23.458000
1579047354070,23.429000
1579047355070,23.429000
1579047356070,23.458000
1579047357070,23.458000
1579047358070,23.458000
1579047359070,23.458000
1579047360070,23.458000
1579047361070,23.429000
1579047362070,23.458000
1579047363070,23.458000
1579047364070,23.458000
1579047365070,23.429000
1579047366071,23.458000
1579047367071,23.458000
1579047368071,23.458000
1579047369071,23.458000
1579047370071,23.458000
1579047371071,23.458000
1579047372071,23.458000
1579047373071,23.458000
1579047374071,23.458000
1579047375071,23.458000
1579047376071,23.458000
1579047377071,23.458000
1579047378071,23.458000
1579047379071,23.458000
1579047380072,23.458000
1579047381072,23.458000
1579047382072,23.458000
1579047383072,23.458000
1579047384072,23.458000
1579047385072,23.458000
1579047386072,23.458000
1579047387072,23.458000
1579047388072,23.458000
1579047389072,23.429000
1579047390072,23.458000
1579047391072,23.458000
1579047392072,23.458000
1579047393073,23.458000
1579047394073,23.458000
1579047395073,23.458000
1579047396073,23.458000
1579047397073,23.458000
1579047398073,23.458000
1579047399073,23.458000
1579047400073,23.458000
1579047401073,23.458000
1579047402073,23.458000
1579047403073,23.458000
1579047404073,23.458000
1579047405073,23.458000
1579047406073,23.429000
1579047407074,23.458000
1579047408074,23.429000
1579047409074,23.458000
1579047410074,23.429000
1579047411074,23.458000
1579047412074,23.458000
1579047413074,23.458000
1579047414074,23.458000
1579047415074,23.429000
1579047416074,23.458000
1579047417074,23.429000
1579047418074,23.458000
1579047419074,23.458000
1579047420075,23.458000
1579047421074,23.458000
1579047422074,23.458000
1579047423074,23.429000
1579047424074,23.458000
1579047425074,23.458000
1579047426074,23.458000
1579047427073,23.429000
1579047428073,23.458000
1579047429073,23.458000
1579047430073,23.458000
1579047431073,23.458000
1579047432073,23.429000
1579047433072,23.458000
1579047434072,23.458000
1579047435072,23.429000
1579047436072,23.458000
1579047437072,23.429000
1579047438072,23.429000
1579047439072,23.458000
1579047440071,23.458000
1579047441071,23.458000
1579047442071,23.458000
1579047443071,23.458000
1579047444071,23.458000
1579047445071,23.458000
1579047446070,23.458000
1579047447070,23.429000
1579047448070,23.458000
1579047449070,23.458000
1579047450070,23.458000
1579047451070,23.458000
1579047452070,23.458000
1579047453069,23.429000
1579047454069,23.458000
1579047455069,23.458000
1579047456069,23.458000
1579047457069,23.429000
1579047458069,23.458000
1579047459068,23.458000
1579047460068,23.458000
1579047461068,23.458000
1579047462068,23.429000
1579047463068,23.458000
1579047464068,23.458000
1579047465068,23.458000
1579047466067,23.429000
1579047467067,23.458000
1579047468067,23.458000
1579047469067,23.429000
1579047470067,23.458000
1579047471067,23.458000
1579047472066,23.458000
1579047473066,23.458000
1579047474066,23.458000
1579047475066,23.429000
1579047476066,23.458000
1579047477066,23.429000
1579047478065,23.458000
1579047479065,23.458000
1579047480065,23.458000
1579047481065,23.429000
1579047482065,23.429000
1579047483065,23.458000
1579047484065,23.458000
1579047485064,23.458000
1579047486064,23.458000
1579047487064,23.458000
1579047488064,23.458000
1579047489064,23.429000
1579047490064,23.429000
1579047491063,23.458000
1579047492063,23.429000
1579047493063,23.458000
1579047494063,23.458000
1579047495063,23.458000
1579047496063,23.458000
1579047497063,23.429000
1579047498062,23.429000
1579047499062,23.458000
1579047500062,23.429000
1579047501062,23.429000
1579047502062,23.458000
1579047503062,23.429000
1579047504061,23.458000
1579047505061,23.429000
1579047506061,23.458000
1579047507061,23.429000
1579047508061,23.458000
1579047509061,23.429000
1579047510061,23.458000
1579047511060,23.429000
1579047512060,23.458000
1579047513060,23.429000
1579047514060,23.458000
1579047515060,23.458000
1579047516060,23.458000
1579047517059,23.458000
1579047518059,23.429000
1579047519059,23.429000
1579047520059,23.458000
1579047521059,23.458000
1579047522059,23.429000
1579047523058,23.458000
1579047524058,23.458000
1579047525058,23.458000
1579047526058,23.458000
1579047527058,23.429000
1579047528058,23.458000
1579047529058,23.458000
1579047530057,23.429000
1579047531057,23.458000
1579047532057,23.458000
1579047533057,23.458000
1579047534057,23.458000
1579047535057,23.458000
1579047536056,23.429000
1579047537056,23.458000
1579047538056,23.458000
1579047539056,23.458000
1579047540056,23.429000
1579047541056,23.458000
1579047542056,23.458000
1579047543055,23.458000
1579047544055,23.458000
1579047545055,23.458000
1579047546055,23.458000
1579047547055,23.429000
1579047548055,23.458000
1579047549054,23.458000
1579047550054,23.429000
1579047551054,23.458000
1579047552054,23.458000
1579047553054,23.458000
1579047554054,23.429000
1579047555054,23.458000
1579047556054,23.429000
1579047557054,23.458000
1579047558054,23.458000
1579047559054,23.458000
1579047560054,23.458000
1579047561054,23.429000
1579047562054,23.429000
1579047563054,23.429000
1579047564054,23.458000
1579047565054,23.458000
1579047566055,23.458000
1579047567055,23.429000
1579047568055,23.429000
1579047569055,23.458000
1579047570055,23.429000
1579047571055,23.429000
1579047572055,23.458000
1579047573055,23.429000
1579047574055,23.458000
1579047575055,23.458000
1579047576056,23.458000
1579047577056,23.429000
1579047578056,23.458000
1579047579056,23.458000
1579047580056,23.458000
1579047581056,23.429000
1579047582056,23.429000
1579047583056,23.458000
1579047584056,23.458000
1579047585056,23.429000
1579047586056,23.429000
1579047587057,23.458000
1579047588057,23.429000
1579047589057,23.429000
1579047590057,23.429000
1579047591057,23.458000
1579047592057,23.458000
1579047593057,23.458000
1579047594057,23.458000
1579047595057,23.458000
1579047596057,23.458000
1579047597058,23.429000
1579047598058,23.429000
1579047599058,23.458000
1579047600058,23.458000
1579047601058,23.429000
1579047602058,23.458000
1579047603058,23.458000
1579047604058,23.458000
1579047605058,23.429000
1579047606058,23.429000
1579047607058,23.429000
1579047608059,23.458000
1579047609059,23.429000
1579047610059,23.429000
1579047611059,23.458000
1579047612059,23.429000
1579047613059,23.429000
1579047614059,23.429000
1579047615059,23.458000
1579047616059,23.429000
1579047617059,23.458000
1579047618060,23.458000
1579047619060,23.429000
1579047620060,23.429000
1579047621060,23.429000
1579047622060,23.429000
1579047623060,23.458000
1579047624060,23.429000
1579047625060,23.458000
1579047626060,23.429000
1579047627060,23.458000
1579047628061,23.458000
1579047629061,23.458000
1579047630061,23.458000
1579047631061,23.429000
1579047632061,23.458000
1579047633061,23.429000
1579047634061,23.429000
1579047635061,23.429000
1579047636061,23.458000
1579047637061,23.429000
1579047638061,23.458000
1579047639062,23.429000
1579047640062,23.429000
1579047641062,23.429000
1579047642062,23.429000
1579047643062,23.429000
1579047644062,23.458000
1579047645062,23.458000
1579047646062,23.429000
1579047647062,23.458000
1579047648062,23.429000
1579047649063,23.458000
1579047650063,23.429000
1579047651063,23.429000
1579047652063,23.429000
1579047653063,23.458000
1579047654063,23.458000
1579047655063,23.429000
1579047656063,23.429000
1579047657063,23.458000
1579047658063,23.458000
1579047659063,23.429000
1579047660064,23.429000
1579047661064,23.429000
1579047662064,23.458000
1579047663064,23.458000
1579047664064,23.458000
1579047665064,23.429000
1579047666064,23.429000
1579047667064,23.429000
1579047668064,23.458000
1579047669064,23.458000
1579047670065,23.429000
1579047671065,23.458000
1579047672065,23.429000
1579047673065,23.458000
1579047674065,23.429000
1579047675065,23.429000
1579047676065,23.429000
1579047677065,23.429000
1579047678065,23.429000
1579047679065,23.429000
1579047680066,23.458000
1579047681065,23.458000
1579047682065,23.458000
1579047683065,23.458000
1579047684065,23.458000
1579047685065,23.429000
1579047686065,23.458000
1579047687064,23.429000
1579047688064,23.458000
1579047689064,23.429000
1579047690064,23.458000
1579047691064,23.458000
1579047692064,23.429000
1579047693063,23.458000
1579047694063,23.429000
1579047695063,23.458000
1579047696063,23.429000
1579047697063,23.429000
1579047698063,23.458000
1579047699063,23.458000
1579047700062,23.429000
1579047701062,23.429000
1579047702062,23.429000
1579047703062,23.458000
1579047704062,23.429000
1579047705062,23.429000
1579047706061,23.458000
1579047707061,23.429000
1579047708061,23.429000
1579047709061,23.429000
1579047710061,23.458000
1579047711061,23.429000
1579047712061,23.429000
1579047713060,23.429000
1579047714060,23.429000
1579047715060,23.458000
1579047716060,23.429000
1579047717060,23.458000
1579047718060,23.458000
1579047719059,23.429000
1579047720059,23.429000
1579047721059,23.429000
1579047722059,23.429000
1579047723059,23.429000
1579047724059,23.429000
1579047725059,23.429000
1579047726058,23.429000
1579047727058,23.458000
1579047728058,23.458000
1579047729058,23.429000
1579047730058,23.429000
1579047731058,23.429000
1579047732057,23.429000
1579047733057,23.458000
1579047734057,23.458000
1579047735057,23.429000
1579047736057,23.458000
1579047737057,23.458000
1579047738056,23.458000
1579047739056,23.458000
1579047740056,23.429000
1579047741056,23.429000
1579047742056,23.458000
1579047743056,23.429000
1579047744056,23.458000
1579047745055,23.429000
1579047746055,23.458000
1579047747055,23.429000
1579047748055,23.429000
1579047749055,23.458000
1579047750055,23.458000
1579047751054,23.429000
1579047752054,23.458000
1579047753054,23.429000
1579047754054,23.429000
1579047755054,23.458000
1579047756054,23.458000
1579047757054,23.429000
1579047758053,23.458000
1579047759053,23.400000
1579047760053,23.429000
1579047761053,23.429000
1579047762053,23.429000
1579047763053,23.429000
1579047764052,23.458000
1579047765052,23.429000
1579047766052,23.429000
1579047767052,23.429000
1579047768052,23.429000
1579047769052,23.458000
1579047770052,23.429000
1579047771051,23.429000
1579047772051,23.429000
1579047773051,23.429000
1579047774051,23.458000
1579047775051,23.458000
1579047776051,23.429000
1579047777050,23.429000
1579047778050,23.458000
1579047779050,23.429000
1579047780050,23.458000
1579047781050,23.458000
1579047782050,23.429000
1579047783049,23.429000
1579047784049,23.458000
1579047785049,23.458000
1579047786049,23.429000
1579047787049,23.429000
1579047788049,23.429000
1579047789049,23.429000
1579047790048,23.429000
1579047791048,23.458000
1579047792048,23.458000
1579047793048,23.429000
1579047794048,23.429000
1579047795048,23.458000
1579047796047,23.429000
1579047797047,23.429000
1579047798047,23.429000
1579047799047,23.429000
1579047800047,23.429000
1579047801047,23.429000
1579047802047,23.429000
1579047803046,23.458000
1579047804046,23.429000
1579047805046,23.429000
1579047806046,23.429000
1579047807046,23.429000
1579047808046,23.429000
1579047809045,23.429000
1579047810045,23.458000
1579047811045,23.429000
1579047812045,23.458000
1579047813045,23.458000
1579047814045,23.458000
1579047815045,23.429000
1579047816045,23.458000
1579047817045,23.429000
1579047818045,23.429000
1579047819045,23.429000
1579047820045,23.429000
1579047821045,23.429000
1579047822045,23.458000
1579047823045,23.429000
1579047824045,23.429000
1579047825045,23.429000
1579047826046,23.429000
1579047827046,23.458000
1579047828046,23.429000
1579047829046,23.429000
1579047830046,23.458000
1579047831046,23.458000
1579047832046,23.429000
1579047833046,23.458000
1579047834046,23.458000
1579047835046,23.429000
1579047836047,23.429000
1579047837047,23.458000
1579047838047,23.429000
1579047839047,23.429000
1579047840047,23.429000
1579047841047,23.429000
1579047842047,23.429000
1579047843047,23.429000
1579047844047,23.429000
1579047845047,23.458000
1579047846047,23.458000
1579047847048,23.429000
1579047848048,23.429000
1579047849048,23.458000
1579047850048,23.458000
1579047851048,23.458000
1579047852048,23.458000
1579047853048,23.458000
1579047854048,23.458000
1579047855048,23.429000
1579047856048,23.458000
1579047857049,23.429000
1579047858049,23.429000
1579047859049,23.429000
1579047860049,23.429000
1579047861049,23.429000
1579047862049,23.429000
1579047863049,23.458000
1579047864049,23.429000
1579047865049,23.458000
1579047866049,23.429000
1579047867049,23.429000
1579047868050,23.429000
1579047869050,23.429000
1579047870050,23.458000
1579047871050,23.429000
1579047872050,23.458000
1579047873050,23.429000
1579047874050,23.429000
1579047875050,23.458000
1579047876050,23.458000
1579047877050,23.429000
1579047878051,23.458000
1579047879051,23.429000
1579047880051,23.458000
1579047881051,23.429000
1579047882051,23.429000
1579047883051,23.429000
1579047884051,23.429000
1579047885051,23.429000
1579047886051,23.429000
1579047887051,23.429000
1579047888052,23.429000
1579047889052,23.458000
1579047890052,23.429000
1579047891052,23.429000
1579047892052,23.458000
1579047893052,23.429000
1579047894052,23.429000
1579047895052,23.429000
1579047896052,23.429000
1579047897052,23.429000
1579047898052,23.429000
1579047899053,23.429000
1579047900053,23.429000
1579047901053,23.458000
1579047902053,23.429000
1579047903053,23.429000
1579047904053,23.429000
1579047905053,23.458000
1579047906053,23.429000
1579047907053,23.429000
1579047908053,23.429000
1579047909054,23.429000
1579047910054,23.429000
1579047911054,23.429000
1579047912054,23.429000
1579047913054,23.429000
1579047914054,23.429000
1579047915054,23.458000
1579047916054,23.429000
1579047917054,23.429000
1579047918054,23.458000
1579047919054,23.400000
1579047920055,23.458000
1579047921055,23.429000
1579047922055,23.429000
1579047923055,23.458000
1579047924055,23.429000
1579047925055,23.429000
1579047926055,23.429000
1579047927055,23.429000
1579047928055,23.458000
1579047929055,23.429000
1579047930056,23.458000
1579047931056,23.429000
1579047932056,23.429000
1579047933056,23.458000
1579047934056,23.429000
1579047935056,23.458000
1579047936056,23.429000
1579047937056,23.429000
1579047938056,23.429000
1579047939056,23.458000
1579047940057,23.458000
1579047941057,23.458000
1579047942057,23.429000
1579047943057,23.458000
1579047944057,23.429000
1579047945057,23.429000
1579047946057,23.429000
1579047947057,23.458000
1579047948057,23.429000
1579047949057,23.400000
1579047950057,23.458000
1579047951057,23.429000
1579047952057,23.429000
1579047953058,23.429000
1579047954058,23.429000
1579047955058,23.429000
1579047956058,23.458000
1579047957058,23.429000
1579047958058,23.429000
1579047959058,23.429000
1579047960058,23.429000
1579047961058,23.429000
1579047962058,23.429000
1579047963058,23.429000
1579047964058,23.458000
1579047965058,23.429000
1579047966059,23.429000
1579047967059,23.429000
1579047968059,23.429000
1579047969059,23.429000
1579047970059,23.458000
1579047971059,23.429000
1579047972059,23.429000
1579047973059,23.429000
1579047974059,23.429000
1579047975059,23.429000
1579047976059,23.429000
1579047977059,23.429000
1579047978059,23.429000
1579047979060,23.458000
1579047980060,23.429000
1579047981060,23.429000
1579047982060,23.429000
1579047983060,23.429000
1579047984060,23.458000
1579047985060,23.429000
1579047986060,23.458000
1579047987060,23.429000
1579047988060,23.429000
1579047989060,23.400000
1579047990060,23.429000
1579047991060,23.429000
1579047992061,23.429000
1579047993061,23.458000
1579047994061,23.458000
1579047995061,23.429000
1579047996061,23.429000
1579047997061,23.429000
1579047998061,23.458000
1579047999061,23.429000
1579048000061,23.429000
1579048001061,23.429000
1579048002061,23.458000
1579048003061,23.429000
1579048004061,23.458000
1579048005062,23.429000
1579048006062,23.429000
1579048007062,23.400000
1579048008062,23.429000
1579048009062,23.429000
1579048010062,23.429000
1579048011062,23.458000
1579048012062,23.429000
1579048013062,23.429000
1579048014062,23.429000
1579048015062,23.429000
1579048016062,23.429000
1579048017062,23.458000
1579048018063,23.429000
1579048019063,23.429000
1579048020063,23.429000
1579048021063,23.429000
1579048022063,23.429000
1579048023063,23.429000
1579048024063,23.429000
1579048025063,23.429000
1579048026063,23.458000
1579048027063,23.429000
1579048028063,23.458000
1579048029063,23.458000
1579048030063,23.429000
1579048031064,23.400000
1579048032064,23.458000
1579048033064,23.429000
1579048034064,23.429000
1579048035064,23.458000
1579048036064,23.458000
1579048037064,23.429000
1579048038064,23.429000
1579048039064,23.429000
1579048040064,23.429000
1579048041064,23.458000
1579048042064,23.458000
1579048043064,23.429000
1579048044065,23.429000
1579048045065,23.429000
1579048046065,23.429000
1579048047065,23.429000
1579048048065,23.458000
1579048049065,23.429000
1579048050065,23.429000
1579048051065,23.458000
1579048052065,23.429000
1579048053065,23.458000
1579048054065,23.429000
1579048055065,23.429000
1579048056065,23.429000
1579048057066,23.429000
1579048058066,23.429000
1579048059066,23.458000
1579048060066,23.429000
1579048061066,23.429000
1579048062066,23.458000
1579048063066,23.429000
1579048064066,23.429000
1579048065066,23.429000
1579048066066,23.429000
1579048067066,23.458000
1579048068066,23.429000
1579048069066,23.429000
1579048070067,23.429000
1579048071066,23.429000
1579048072066,23.458000
1579048073066,23.429000
1579048074066,23.429000
1579048075066,23.429000
1579048076066,23.429000
1579048077065,23.458000
1579048078065,23.429000
1579048079065,23.429000
1579048080065,23.458000
1579048081065,23.429000
1579048082065,23.429000
1579048083065,23.429000
1579048084064,23.429000
1579048085064,23.429000
1579048086064,23.429000
1579048087064,23.458000
1579048088064,23.429000
1579048089064,23.458000
1579048090063,23.429000
1579048091063,23.429000
1579048092063,23.429000
1579048093063,23.458000
1579048094063,23.429000
1579048095063,23.429000
1579048096063,23.429000
1579048097062,23.429000
1579048098062,23.429000
1579048099062,23.429000
1579048100062,23.429000
1579048101062,23.429000
1579048102062,23.400000
1579048103061,23.458000
1579048104061,23.429000
1579048105061,23.429000
1579048106061,23.429000
1579048107061,23.429000
1579048108061,23.429000
1579048109061,23.429000
1579048110060,23.429000
1579048111060,23.429000
1579048112060,23.429000
1579048113060,23.429000
1579048114060,23.429000
1579048115060,23.429000
1579048116060,23.429000
1579048117059,23.429000
1579048118059,23.429000
1579048119059,23.429000
1579048120059,23.429000
1579048121059,23.429000
1579048122059,23.429000
1579048123058,23.429000
1579048124058,23.429000
1579048125058,23.429000
1579048126058,23.429000
1579048127058,23.429000
1579048128058,23.429000
1579048129058,23.429000
1579048130057,23.458000
1579048131057,23.429000
1579048132057,23.429000
1579048133057,23.458000
1579048134057,23.429000
1579048135057,23.429000
1579048136056,23.429000
1579048137056,23.429000
1579048138056,23.458000
1579048139056,23.429000
1579048140056,23.429000
1579048141056,23.429000
1579048142056,23.429000
1579048143055,23.429000
1579048144055,23.429000
1579048145055,23.429000
1579048146055,23.429000
1579048147055,23.429000
1579048148055,23.458000
1579048149054,23.429000
1579048150054,23.429000
1579048151054,23.429000
1579048152054,23.429000
1579048153054,23.429000
1579048154054,23.429000
1579048155054,23.458000
1579048156053,23.429000
1579048157053,23.429000
1579048158053,23.458000
1579048159053,23.429000
1579048160053,23.429000
1579048161053,23.429000
1579048162053,23.429000
1579048163052,23.429000
1579048164052,23.429000
1579048165052,23.429000
1579048166052,23.429000
1579048167052,23.429000
1579048168052,23.429000
1579048169051,23.458000
1579048170051,23.429000
1579048171051,23.429000
1579048172051,23.429000
1579048173051,23.429000
1579048174051,23.400000
1579048175051,23.429000
1579048176050,23.429000
1579048177050,23.429000
1579048178050,23.458000
1579048179050,23.429000
1579048180050,23.429000
1579048181050,23.429000
1579048182049,23.429000
1579048183049,23.429000
1579048184049,23.429000
1579048185049,23.429000
1579048186049,23.429000
1579048187049,23.429000
1579048188049,23.429000
1579048189048,23.429000
1579048190048,23.458000
1579048191048,23.429000
1579048192048,23.429000
1579048193048,23.458000
1579048194048,23.400000
1579048195048,23.429000
1579048196048,23.429000
1579048197048,23.429000
1579048198048,23.429000
1579048199048,23.429000
1579048200048,23.429000
1579048201048,23.458000
1579048202048,23.458000
1579048203048,23.429000
1579048204048,23.429000
1579048205048,23.458000
1579048206048,23.429000
1579048207049,23.429000
1579048208049,23.429000
1579048209049,23.429000
1579048210049,23.458000
1579048211049,23.429000
1579048212049,23.429000
1579048213049,23.429000
1579048214049,23.429000
1579048215049,23.429000
1579048216049,23.429000
1579048217049,23.458000
1579048218049,23.429000
1579048219050,23.429000
1579048220050,23.429000
1579048221050,23.429000
1579048222050,23.429000
1579048223050,23.458000
1579048224050,23.458000
1579048225050,23.429000
1579048226050,23.458000
1579048227050,23.429000
1579048228050,23.429000
1579048229050,23.429000
1579048230050,23.429000
1579048231051,23.429000
1579048232051,23.429000
1579048233051,23.429000
1579048234051,23.458000
1579048235051,23.429000
1579048236051,23.429000
1579048237051,23.429000
1579048238051,23.429000
1579048239051,23.429000
1579048240051,23.458000
1579048241051,23.429000
1579048242051,23.429000
1579048243052,23.458000
1579048244052,23.429000
1579048245052,23.429000
1579048246052,23.429000
1579048247052,23.429000
1579048248052,23.429000
1579048249052,23.429000
1579048250052,23.458000
1579048251052,23.429000
1579048252052,23.429000
1579048253052,23.429000
1579048254052,23.429000
1579048255053,23.429000
1579048256053,23.429000
1579048257053,23.458000
1579048258053,23.429000
1579048259053,23.429000
1579048260053,23.429000
1579048261053,23.429000
1579048262053,23.429000
1579048263053,23.429000
1579048264053,23.429000
1579048265053,23.429000
1579048266054,23.429000
1579048267054,23.429000
1579048268054,23.429000
1579048269054,23.429000
1579048270054,23.429000
1579048271054,23.429000
1579048272054,23.458000
1579048273054,23.429000
1579048274054,23.429000
1579048275054,23.429000
1579048276054,23.458000
1579048277054,23.429000
1579048278055,23.429000
1579048279055,23.429000
1579048280055,23.429000
1579048281055,23.429000
1579048282055,23.429000
1579048283055,23.429000
1579048284055,23.429000
1579048285055,23.458000
1579048286055,23.429000
1579048287055,23.429000
1579048288055,23.429000
1579048289055,23.429000
1579048290056,23.429000
1579048291056,23.458000
1579048292056,23.429000
1579048293056,23.400000
1579048294056,23.429000
1579048295056,23.429000
1579048296056,23.429000
1579048297056,23.429000
1579048298056,23.429000
1579048299056,23.429000
1579048300056,23.429000
1579048301056,23.429000
1579048302057,23.458000
1579048303057,23.458000
1579048304057,23.429000
1579048305057,23.429000
1579048306057,23.400000
1579048307057,23.458000
1579048308057,23.429000
1579048309057,23.429000
1579048310057,23.429000
1579048311057,23.429000
1579048312057,23.429000
1579048313057,23.429000
1579048314058,23.429000
1579048315058,23.429000
1579048316058,23.458000
1579048317058,23.429000
1579048318058,23.429000
1579048319058,23.458000
1579048320058,23.429000
1579048321058,23.429000
1579048322058,23.429000
1579048323058,23.458000
1579048324058,23.458000
1579048325059,23.429000
1579048326061,23.458000
1579048327064,23.429000
1579048328067,23.429000
1579048329070,23.458000
1579048330073,23.429000
1579048331076,23.429000
1579048332078,23.429000
1579048333081,23.429000
1579048334084,23.429000
1579048335087,23.429000
1579048336090,23.429000
1579048337093,23.429000
1579048338096,23.429000
1579048339098,23.429000
1579048340101,23.429000
1579048341104,23.458000
1579048342107,23.429000
1579048343110,23.429000
1579048344113,23.429000
1579048345116,23.458000
1579048346118,23.458000
1579048347121,23.429000
1579048348124,23.429000
1579048349127,23.400000
1579048350130,23.429000
1579048351133,23.458000
1579048352136,23.458000
1579048353138,23.429000
1579048354141,23.429000
1579048355144,23.429000
1579048356147,23.429000
1579048357150,23.429000
1579048358153,23.458000
1579048359155,23.429000
1579048360158,23.458000
1579048361161,23.429000
1579048362164,23.429000
1579048363167,23.429000
1579048364170,23.429000
1579048365173,23.429000
1579048366175,23.429000
1579048367178,23.429000
1579048368181,23.429000
1579048369184,23.429000
1579048370187,23.429000
1579048371190,23.458000
1579048372193,23.429000
1579048373195,23.429000
1579048374198,23.429000
1579048375201,23.458000
1579048376204,23.458000
1579048377207,23.458000
1579048378210,23.429000
1579048379213,23.458000
1579048380215,23.429000
1579048381218,23.458000
1579048382221,23.429000
1579048383224,23.429000
1579048384227,23.429000
1579048385230,23.429000
1579048386232,23.429000
1579048387235,23.429000
1579048388238,23.429000
1579048389241,23.458000
1579048390244,23.429000
1579048391247,23.429000
1579048392250,23.429000
1579048393252,23.429000
1579048394255,23.429000
1579048395258,23.458000
1579048396261,23.429000
1579048397264,23.429000
1579048398267,23.429000
1579048399270,23.429000
1579048400272,23.429000
1579048401275,23.429000
1579048402278,23.458000
1579048403281,23.429000
1579048404284,23.429000
1579048405287,23.429000
1579048406290,23.429000
1579048407292,23.458000
1579048408295,23.458000
1579048409298,23.429000
1579048410301,23.429000
1579048411304,23.429000
1579048412307,23.429000
1579048413309,23.429000
1579048414312,23.429000
1579048415315,23.458000
1579048416318,23.429000
1579048417321,23.458000
1579048418324,23.429000
1579048419327,23.458000
1579048420329,23.429000
1579048421332,23.429000
1579048422335,23.429000
1579048423338,23.429000
1579048424341,23.429000
1579048425344,23.429000
1579048426347,23.429000
1579048427349,23.429000
1579048428352,23.429000
1579048429355,23.429000
1579048430358,23.429000
1579048431361,23.429000
1579048432364,23.429000
1579048433367,23.429000
1579048434369,23.429000
1579048435372,23.429000
1579048436375,23.458000
1579048437378,23.429000
1579048438381,23.429000
1579048439384,23.429000
1579048440386,23.458000
1579048441389,23.429000
1579048442392,23.429000
1579048443395,23.429000
1579048444398,23.458000
1579048445401,23.429000
1579048446404,23.429000
1579048447406,23.458000
1579048448409,23.429000
1579048449412,23.458000
1579048450415,23.429000
1579048451418,23.429000
1579048452421,23.429000
1579048453424,23.429000
1579048454426,23.458000
1579048455429,23.429000
1579048456432,23.429000
1579048457435,23.429000
1579048458438,23.458000
1579048459441,23.429000
1579048460444,23.429000
1579048461440,23.429000
1579048462437,23.429000
1579048463434,23.429000
1579048464431,23.429000
1579048465428,23.458000
1579048466425,23.429000
1579048467421,23.429000
1579048468418,23.458000
1579048469415,23.429000
1579048470412,23.429000
1579048471409,23.429000
1579048472406,23.429000
1579048473402,23.458000
1579048474399,23.458000
1579048475396,23.458000
1579048476393,23.429000
1579048477390,23.458000
1579048478387,23.429000
1579048479383,23.458000
1579048480380,23.429000
1579048481377,23.458000
1579048482374,23.458000
1579048483371,23.429000
1579048484368,23.458000
1579048485365,23.429000
1579048486361,23.429000
1579048487358,23.458000
1579048488355,23.458000
1579048489352,23.458000
1579048490349,23.458000
1579048491346,23.429000
1579048492342,23.429000
1579048493339,23.429000
1579048494336,23.429000
1579048495333,23.458000
1579048496330,23.458000
1579048497327,23.429000
1579048498323,23.458000
1579048499320,23.429000
1579048500317,23.458000
1579048501314,23.429000
1579048502311,23.429000
1579048503308,23.458000
1579048504304,23.458000
1579048505301,23.458000
1579048506298,23.429000
1579048507295,23.458000
1579048508292,23.429000
1579048509289,23.429000
1579048510286,23.458000
1579048511282,23.429000
1579048512279,23.458000
1579048513276,23.458000
1579048514273,23.429000
1579048515270,23.429000
1579048516267,23.429000
1579048517263,23.429000
1579048518260,23.458000
1579048519257,23.458000
1579048520254,23.429000
1579048521251,23.458000
1579048522248,23.458000
1579048523244,23.458000
1579048524241,23.429000
1579048525238,23.458000
1579048526235,23.429000
1579048527232,23.429000
1579048528229,23.458000
1579048529225,23.458000
1579048530222,23.429000
1579048531219,23.458000
1579048532216,23.429000
1579048533213,23.429000
1579048534210,23.458000
1579048535207,23.458000
1579048536203,23.429000
1579048537200,23.458000
1579048538197,23.458000
1579048539194,23.458000
1579048540191,23.429000
1579048541188,23.458000
1579048542184,23.458000
1579048543181,23.429000
1579048544178,23.458000
1579048545175,23.458000
1579048546172,23.429000
1579048547169,23.458000
1579048548165,23.458000
1579048549162,23.458000
1579048550159,23.458000
1579048551156,23.429000
1579048552153,23.458000
1579048553150,23.458000
1579048554146,23.458000
1579048555143,23.429000
1579048556140,23.429000
1579048557137,23.458000
1579048558134,23.429000
1579048559131,23.429000
1579048560128,23.429000
1579048561124,23.458000
1579048562121,23.429000
1579048563118,23.429000
1579048564115,23.458000
1579048565112,23.458000
1579048566109,23.458000
1579048567105,23.458000
1579048568102,23.429000
1579048569099,23.429000
1579048570096,23.429000
1579048571093,23.458000
1579048572090,23.429000
1579048573086,23.429000
1579048574083,23.429000
1579048575080,23.429000
1579048576077,23.429000
1579048577074,23.429000
1579048578071,23.429000
1579048579067,23.429000
1579048580064,23.429000
1579048581061,23.429000
1579048582058,23.458000
1579048583055,23.458000
1579048584052,23.429000
1579048585049,23.429000
1579048586048,23.429000
1579048587048,23.429000
1579048588048,23.429000
1579048589048,23.400000
1579048590048,23.429000
1579048591048,23.429000
1579048592047,23.429000
1579048593047,23.429000
1579048594047,23.429000
1579048595047,23.429000
1579048596047,23.429000
1579048597047,23.429000
1579048598047,23.429000
1579048599046,23.429000
1579048600046,23.429000
1579048601046,23.429000
1579048602046,23.429000
1579048603046,23.429000
1579048604046,23.429000
1579048605045,23.429000
1579048606045,23.429000
1579048607045,23.429000
1579048608045,23.429000
1579048609045,23.400000
1579048610045,23.400000
1579048611045,23.400000
1579048612044,23.400000
1579048613044,23.400000
1579048614044,23.400000
1579048615044,23.400000
1579048616044,23.429000
1579048617044,23.429000
1579048618043,23.400000
1579048619043,23.400000
1579048620043,23.429000
1579048621043,23.400000
1579048622043,23.400000
1579048623043,23.400000
1579048624043,23.400000
1579048625042,23.400000
1579048626042,23.400000
1579048627042,23.400000
1579048628042,23.400000
1579048629042,23.400000
1579048630042,23.400000
1579048631041,23.400000
1579048632041,23.400000
1579048633041,23.400000
1579048634041,23.400000
1579048635041,23.400000
1579048636041,23.400000
1579048637041,23.400000
1579048638040,23.400000
1579048639040,23.371000
1579048640040,23.371000
1579048641040,23.400000
1579048642040,23.400000
1579048643040,23.400000
1579048644039,23.400000
1579048645039,23.371000
1579048646039,23.371000
1579048647039,23.400000
1579048648039,23.371000
1579048649039,23.400000
1579048650039,23.371000
1579048651038,23.400000
1579048652038,23.400000
1579048653038,23.371000
1579048654038,23.371000
1579048655038,23.371000
1579048656038,23.371000
1579048657037,23.371000
1579048658037,23.371000
1579048659037,23.400000
1579048660037,23.371000
1579048661037,23.371000
1579048662037,23.371000
1579048663037,23.400000
1579048664036,23.371000
1579048665036,23.371000
1579048666036,23.371000
1579048667036,23.371000
1579048668036,23.371000
1579048669036,23.371000
1579048670035,23.371000
1579048671035,23.371000
1579048672035,23.371000
1579048673035,23.371000
1579048674035,23.342000
1579048675035,23.371000
1579048676035,23.371000
1579048677034,23.371000
1579048678034,23.371000
1579048679034,23.371000
1579048680034,23.342000
1579048681034,23.342000
1579048682034,23.371000
1579048683033,23.371000
1579048684033,23.371000
1579048685033,23.371000
1579048686033,23.371000
1579048687033,23.342000
1579048688033,23.342000
1579048689033,23.342000
1579048690032,23.342000
1579048691032,23.371000
1579048692032,23.342000
1579048693032,23.371000
1579048694032,23.371000
1579048695032,23.371000
1579048696031,23.342000
1579048697031,23.342000
1579048698031,23.342000
1579048699031,23.342000
1579048700031,23.371000
1579048701031,23.342000
1579048702031,23.342000
1579048703030,23.342000
1579048704030,23.342000
1579048705030,23.342000
1579048706030,23.342000
1579048707030,23.342000
1579048708030,23.342000
1579048709029,23.312000
1579048710029,23.342000
1579048711029,23.342000
1579048712029,23.342000
1579048713029,23.342000
1579048714029,23.342000
1579048715029,23.342000
1579048716029,23.342000
1579048717029,23.312000
1579048718029,23.342000
1579048719029,23.342000
1579048720029,23.342000
1579048721029,23.312000
1579048722029,23.342000
1579048723029,23.342000
1579048724029,23.342000
1579048725029,23.312000
1579048726030,23.312000
1579048727030,23.312000
1579048728030,23.312000
1579048729030,23.312000
1579048730030,23.312000
1579048731030,23.312000
1579048732030,23.312000
1579048733030,23.312000
1579048734030,23.342000
1579048735030,23.342000
1579048736031,23.312000
1579048737031,23.312000
1579048738031,23.342000
1579048739031,23.312000
1579048740031,23.312000
1579048741031,23.312000
1579048742031,23.312000
1579048743031,23.312000
1579048744031,23.312000
1579048745031,23.312000
1579048746031,23.312000
1579048747032,23.283000
1579048748032,23.283000
1579048749032,23.312000
1579048750032,23.312000
1579048751032,23.312000
1579048752032,23.312000
1579048753032,23.312000
1579048754032,23.312000
1579048755032,23.312000
1579048756032,23.283000
1579048757033,23.312000
1579048758033,23.283000
1579048759033,23.312000
1579048760033,23.283000
1579048761033,23.283000
1579048762033,23.312000
1579048763033,23.283000
1579048764033,23.283000
1579048765033,23.312000
1579048766033,23.283000
1579048767033,23.283000
1579048768034,23.283000
1579048769034,23.283000
1579048770034,23.283000
1579048771034,23.312000
1579048772034,23.283000
1579048773034,23.283000
1579048774034,23.283000
1579048775034,23.283000
1579048776034,23.283000
1579048777034,23.283000
1579048778035,23.283000
1579048779035,23.283000
1579048780035,23.283000
1579048781035,23.283000
1579048782035,23.283000
1579048783035,23.283000
1579048784035,23.283000
1579048785035,23.254000
1579048786035,23.283000
1579048787035,23.283000
1579048788036,23.283000
1579048789036,23.283000
1579048790036,23.283000
1579048791036,23.283000
1579048792036,23.283000
1579048793036,23.283000
1579048794036,23.283000
1579048795036,23.283000
1579048796036,23.254000
1579048797036,23.254000
1579048798036,23.283000
1579048799037,23.283000
1579048800037,23.254000
1579048801037,23.283000
1579048802037,23.283000
1579048803037,23.254000
1579048804037,23.283000
1579048805037,23.283000
1579048806037,23.254000
1579048807037,23.283000
1579048808037,23.283000
1579048809038,23.254000
1579048810038,23.283000
1579048811038,23.254000
1579048812038,23.254000
1579048813038,23.254000
1579048814038,23.254000
1579048815038,23.283000
1579048816038,23.283000
1579048817038,23.283000
1579048818038,23.254000
1579048819038,23.254000
1579048820039,23.254000
1579048821039,23.283000
1579048822039,23.254000
1579048823039,23.254000
1579048824039,23.254000
1579048825039,23.283000
1579048826039,23.283000
1579048827039,23.254000
1579048828039,23.254000
1579048829039,23.254000
1579048830040,23.254000
1579048831040,23.254000
1579048832040,23.254000
1579048833040,23.254000
1579048834040,23.254000
1579048835040,23.254000
1579048836040,23.254000
1579048837040,23.254000
1579048838040,23.254000
1579048839040,23.254000
1579048840041,23.254000
1579048841041,23.254000
1579048842041,23.254000
1579048843041,23.254000
1579048844041,23.254000
1579048845041,23.254000
1579048846041,23.254000
1579048847041,23.254000
1579048848041,23.254000
1579048849041,23.254000
1579048850041,23.225000
1579048851042,23.254000
1579048852042,23.254000
1579048853042,23.254000
1579048854042,23.254000
1579048855042,23.254000
1579048856042,23.254000
1579048857042,23.225000
1579048858042,23.225000
1579048859042,23.225000
1579048860042,23.254000
1579048861043,23.254000
1579048862043,23.254000
1579048863043,23.225000
1579048864043,23.225000
1579048865043,23.254000
1579048866043,23.225000
1579048867043,23.225000
1579048868043,23.225000
1579048869043,23.225000
1579048870043,23.225000
1579048871043,23.225000
1579048872044,23.254000
1579048873044,23.225000
1579048874044,23.225000
1579048875044,23.225000
1579048876044,23.225000
1579048877044,23.225000
1579048878044,23.225000
1579048879044,23.225000
1579048880044,23.225000
1579048881044,23.225000
1579048882045,23.225000
1579048883045,23.225000
1579048884045,23.225000
1579048885045,23.225000
1579048886045,23.225000
1579048887045,23.225000
1579048888045,23.225000
1579048889045,23.225000
1579048890045,23.225000
1579048891045,23.225000
1579048892045,23.225000
1579048893046,23.225000
1579048894046,23.225000
1579048895046,23.196000
1579048896046,23.225000
1579048897046,23.225000
1579048898046,23.225000
1579048899046,23.225000
1579048900046,23.225000
1579048901046,23.196000
1579048902046,23.225000
1579048903047,23.225000
1579048904047,23.225000
1579048905047,23.225000
1579048906047,23.225000
1579048907047,23.225000
1579048908047,23.225000
1579048909047,23.225000
1579048910047,23.225000
1579048911047,23.225000
1579048912047,23.225000
1579048913048,23.225000
1579048914048,23.225000
1579048915048,23.225000
1579048916048,23.225000
1579048917048,23.225000
1579048918048,23.225000
1579048919048,23.225000
1579048920048,23.225000
1579048921048,23.196000
1579048922048,23.196000
1579048923048,23.225000
1579048924049,23.225000
1579048925049,23.196000
1579048926049,23.225000
1579048927049,23.196000
1579048928049,23.196000
1579048929049,23.196000
1579048930049,23.225000
1579048931049,23.196000
1579048932049,23.196000
1579048933049,23.196000
1579048934050,23.196000
1579048935050,23.196000
1579048936050,23.196000
1579048937050,23.196000
1579048938050,23.196000
1579048939050,23.225000
1579048940050,23.225000
1579048941050,23.196000
1579048942050,23.196000
1579048943050,23.167000
1579048944050,23.196000
1579048945051,23.225000
1579048946051,23.196000
1579048947051,23.196000
1579048948051,23.196000
1579048949051,23.167000
1579048950051,23.167000
1579048951051,23.167000
1579048952051,23.167000
1579048953051,23.167000
1579048954051,23.167000
1579048955052,23.196000
1579048956052,23.167000
1579048957052,23.167000
1579048958052,23.167000
1579048959052,23.167000
1579048960052,23.196000
1579048961052,23.196000
1579048962052,23.167000
1579048963052,23.196000
1579048964052,23.196000
1579048965053,23.167000
1579048966052,23.167000
1579048967052,23.167000
1579048968052,23.167000
1579048969052,23.167000
1579048970052,23.196000
1579048971052,23.167000
1579048972051,23.167000
1579048973051,23.167000
1579048974051,23.167000
1579048975051,23.167000
1579048976051,23.196000
1579048977051,23.167000
1579048978050,23.167000
1579048979050,23.167000
1579048980050,23.167000
1579048981050,23.167000
1579048982050,23.167000
1579048983050,23.167000
1579048984049,23.167000
1579048985049,23.167000
1579048986049,23.196000
1579048987049,23.196000
1579048988049,23.167000
1579048989049,23.167000
1579048990048,23.167000
1579048991048,23.167000
1579048992048,23.167000
1579048993048,23.167000
1579048994048,23.167000
1579048995048,23.167000
1579048996047,23.167000
1579048997047,23.167000
1579048998047,23.167000
1579048999047,23.167000
1579049000047,23.196000
1579049001047,23.167000
1579049002047,23.167000
1579049003046,23.167000
1579049004046,23.167000
1579049005046,23.167000
1579049006046,23.167000
1579049007046,23.167000
1579049008046,23.167000
1579049009045,23.167000
1579049010045,23.167000
1579049011045,23.167000
1579049012045,23.167000
1579049013045,23.167000
1579049014045,23.167000
1579049015044,23.167000
1579049016044,23.167000
1579049017044,23.167000
1579049018044,23.167000
1579049019044,23.167000
1579049020044,23.167000
1579049021043,23.167000
1579049022043,23.167000
1579049023043,23.167000
1579049024043,23.167000
1579049025043,23.167000
1579049026043,23.167000
1579049027042,23.167000
1579049028042,23.167000
1579049029042,23.167000
1579049030042,23.167000
1579049031042,23.167000
1579049032042,23.167000
1579049033042,23.167000
1579049034041,23.167000
1579049035041,23.167000
1579049036041,23.167000
1579049037041,23.167000
1579049038041,23.167000
1579049039041,23.167000
1579049040040,23.167000
1579049041040,23.167000
1579049042040,23.167000
1579049043040,23.167000
1579049044040,23.167000
1579049045040,23.167000
1579049046039,23.167000
1579049047039,23.167000
1579049048039,23.167000
1579049049039,23.167000
1579049050039,23.167000
1579049051039,23.167000
1579049052038,23.167000
1579049053038,23.167000
1579049054038,23.167000
1579049055038,23.167000
1579049056038,23.167000
1579049057038,23.167000
1579049058037,23.167000
1579049059037,23.167000
1579049060037,23.167000
1579049061037,23.167000
1579049062037,23.167000
1579049063037,23.167000
1579049064037,23.167000
1579049065036,23.167000
1579049066036,23.167000
1579049067036,23.137000
1579049068036,23.167000
1579049069036,23.167000
1579049070036,23.167000
1579049071035,23.167000
1579049072035,23.167000
1579049073035,23.167000
1579049074035,23.167000
1579049075035,23.167000
1579049076035,23.167000
1579049077034,23.167000
1579049078034,23.167000
1579049079034,23.167000
1579049080034,23.167000
1579049081034,23.167000
1579049082034,23.167000
1579049083033,23.167000
1579049084033,23.167000
1579049085033,23.167000
1579049086033,23.167000
1579049087033,23.167000
1579049088033,23.167000
1579049089032,23.167000
1579049090032,23.167000
1579049091032,23.137000
1579049092032,23.167000
1579049093032,23.167000
1579049094032,23.167000
1579049095032,23.137000
1579049096032,23.137000
1579049097032,23.167000
1579049098032,23.137000
1579049099032,23.167000
1579049100032,23.167000
1579049101032,23.137000
1579049102032,23.167000
1579049103032,23.167000
1579049104032,23.167000
1579049105032,23.137000
1579049106033,23.167000
1579049107033,23.137000
1579049108033,23.167000
1579049109033,23.167000
1579049110033,23.137000
1579049111033,23.137000
1579049112033,23.167000
1579049113033,23.167000
1579049114033,23.167000
1579049115033,23.137000
1579049116034,23.167000
1579049117034,23.167000
1579049118034,23.167000
1579049119034,23.167000
1579049120034,23.137000
1579049121034,23.137000
1579049122034,23.137000
1579049123034,23.167000
1579049124034,23.167000
1579049125034,23.167000
1579049126034,23.167000
1579049127035,23.167000
1579049128035,23.167000
1579049129035,23.137000
1579049130035,23.167000
1579049131035,23.137000
1579049132035,23.167000
1579049133035,23.137000
1579049134035,23.167000
1579049135035,23.167000
1579049136035,23.167000
1579049137036,23.137000
1579049138036,23.137000
1579049139036,23.137000
1579049140036,23.167000
1579049141036,23.167000
1579049142036,23.167000
1579049143036,23.167000
1579049144036,23.137000
1579049145036,23.167000
1579049146036,23.137000
1579049147036,23.167000
1579049148037,23.137000
1579049149037,23.167000
1579049150037,23.167000
1579049151037,23.137000
1579049152037,23.167000
1579049153037,23.167000
1579049154037,23.167000
1579049155037,23.167000
1579049156037,23.167000
1579049157037,23.167000
1579049158038,23.167000
1579049159038,23.167000
1579049160038,23.167000
1579049161038,23.167000
1579049162038,23.167000
1579049163038,23.167000
1579049164038,23.167000
1579049165038,23.167000
1579049166038,23.167000
1579049167038,23.167000
1579049168039,23.167000
1579049169039,23.137000
1579049170039,23.167000
1579049171039,23.167000
1579049172039,23.167000
1579049173039,23.167000
1579049174039,23.167000
1579049175039,23.167000
1579049176039,23.167000
1579049177039,23.167000
1579049178039,23.167000
1579049179040,23.137000
1579049180040,23.167000
1579049181040,23.167000
1579049182040,23.167000
1579049183040,23.167000
1579049184040,23.167000
1579049185040,23.167000
1579049186040,23.167000
1579049187040,23.167000
1579049188040,23.167000
1579049189041,23.167000
1579049190041,23.167000
1579049191041,23.167000
1579049192041,23.167000
1579049193041,23.167000
1579049194041,23.167000
1579049195041,23.167000
1579049196041,23.167000
1579049197041,23.167000
1579049198041,23.167000
1579049199041,23.167000
1579049200042,23.167000
1579049201042,23.167000
1579049202042,23.137000
1579049203042,23.167000
1579049204042,23.167000
1579049205042,23.167000
1579049206042,23.167000
1579049207042,23.167000
1579049208042,23.167000
1579049209042,23.167000
1579049210043,23.167000
1579049211043,23.167000
1579049212043,23.167000
1579049213043,23.167000
1579049214043,23.167000
1579049215043,23.167000
1579049216043,23.137000
1579049217043,23.167000
1579049218043,23.167000
1579049219043,23.167000
1579049220044,23.167000
1579049221043,23.137000
1579049222043,23.167000
1579049223043,23.167000
1579049224043,23.137000
1579049225043,23.137000
1579049226043,23.167000
1579049227042,23.167000
1579049228042,23.137000
1579049229042,23.167000
1579049230042,23.167000
1579049231042,23.167000
1579049232042,23.167000
1579049233042,23.167000
1579049234041,23.137000
1579049235041,23.167000
1579049236041,23.167000
1579049237041,23.167000
1579049238041,23.167000
1579049239041,23.167000
1579049240040,23.167000
1579049241040,23.137000
1579049242040,23.137000
1579049243040,23.167000
1579049244040,23.137000
1579049245040,23.137000
1579049246040,23.167000
1579049247039,23.167000
1579049248039,23.167000
1579049249039,23.137000
1579049250039,23.137000
1579049251039,23.137000
1579049252039,23.167000
1579049253038,23.167000
1579049254038,23.167000
1579049255038,23.137000
1579049256038,23.137000
1579049257038,23.137000
1579049258038,23.137000
1579049259038,23.167000
1579049260037,23.137000
1579049261037,23.137000
1579049262037,23.137000
1579049263037,23.167000
1579049264037,23.137000
1579049265037,23.137000
1579049266036,23.137000
1579049267036,23.167000
1579049268036,23.167000
1579049269036,23.167000
1579049270036,23.137000
1579049271036,23.167000
1579049272036,23.167000
1579049273035,23.167000
1579049274035,23.137000
1579049275035,23.167000
1579049276035,23.137000
1579049277035,23.137000
1579049278035,23.137000
1579049279034,23.137000
1579049280034,23.137000
1579049281034,23.137000
1579049282034,23.137000
1579049283034,23.137000
1579049284034,23.137000
1579049285034,23.137000
1579049286033,23.137000
1579049287033,23.137000
1579049288033,23.137000
1579049289033,23.137000
1579049290033,23.137000
1579049291033,23.137000
1579049292032,23.137000
1579049293032,23.137000
1579049294032,23.137000
1579049295032,23.137000
1579049296032,23.137000
1579049297032,23.137000
1579049298032,23.137000
1579049299031,23.137000
1579049300031,23.137000
1579049301031,23.137000
1579049302031,23.137000
1579049303031,23.137000
1579049304031,23.137000
1579049305030,23.137000
1579049306030,23.137000
1579049307030,23.137000
1579049308030,23.137000
1579049309030,23.137000
1579049310030,23.137000
1579049311030,23.137000
1579049312029,23.108000
1579049313029,23.137000
1579049314029,23.137000
1579049315029,23.137000
1579049316029,23.137000
1579049317029,23.137000
1579049318028,23.137000
1579049319028,23.137000
1579049320028,23.137000
1579049321028,23.137000
1579049322028,23.137000
1579049323028,23.137000
1579049324028,23.108000
1579049325027,23.108000
1579049326027,23.137000
1579049327027,23.137000
1579049328027,23.137000
1579049329027,23.137000
1579049330027,23.137000
1579049331026,23.108000
1579049332026,23.137000
1579049333026,23.137000
1579049334026,23.137000
1579049335026,23.108000
1579049336026,23.137000
1579049337026,23.137000
1579049338025,23.137000
1579049339025,23.108000
1579049340025,23.137000
1579049341025,23.108000
1579049342025,23.137000
1579049343025,23.137000
1579049344024,23.137000
1579049345024,23.137000
1579049346024,23.137000
1579049347024,23.108000
1579049348024,23.108000
1579049349024,23.137000
1579049350024,23.137000
1579049351024,23.137000
1579049352024,23.137000
1579049353024,23.137000
1579049354024,23.108000
1579049355024,23.108000
1579049356024,23.108000
1579049357024,23.137000
1579049358024,23.108000
1579049359024,23.137000
1579049360024,23.108000
1579049361024,23.108000
1579049362025,23.108000
1579049363025,23.108000
1579049364025,23.108000
1579049365025,23.108000
1579049366025,23.108000
1579049367025,23.108000
1579049368025,23.137000
1579049369025,23.108000
1579049370025,23.108000
1579049371025,23.108000
1579049372025,23.108000
1579049373026,23.108000
1579049374026,23.108000
1579049375026,23.108000
1579049376026,23.108000
1579049377026,23.108000
1579049378026,23.108000
1579049379026,23.108000
1579049380026,23.108000
1579049381026,23.108000
1579049382026,23.108000
1579049383026,23.108000
1579049384026,23.108000
1579049385027,23.108000
1579049386027,23.108000
1579049387027,23.108000
1579049388027,23.137000
1579049389027,23.108000
1579049390027,23.108000
1579049391027,23.108000
1579049392027,23.108000
1579049393027,23.108000
1579049394027,23.108000
1579049395027,23.108000
1579049396028,23.108000
1579049397028,23.108000
1579049398028,23.108000
1579049399028,23.108000
1579049400028,23.108000
1579049401028,23.137000
1579049402028,23.108000
1579049403028,23.108000
1579049404028,23.108000
1579049405028,23.108000
1579049406028,23.108000
1579049407029,23.108000
1579049408029,23.108000
1579049409029,23.108000
1579049410029,23.108000
1579049411029,23.108000
1579049412029,23.108000
1579049413029,23.108000
1579049414029,23.108000
1579049415029,23.108000
1579049416029,23.079000
1579049417029,23.108000
1579049418029,23.108000
1579049419030,23.108000
1579049420030,23.108000
1579049421030,23.108000
1579049422030,23.108000
1579049423030,23.108000
1579049424030,23.108000
1579049425030,23.108000
1579049426030,23.108000
1579049427030,23.108000
1579049428030,23.108000
1579049429030,23.108000
1579049430031,23.108000
1579049431031,23.108000
1579049432031,23.108000
1579049433031,23.108000
1579049434031,23.108000
1579049435031,23.108000
1579049436031,23.108000
1579049437031,23.079000
1579049438031,23.108000
1579049439031,23.108000
1579049440031,23.108000
1579049441032,23.108000
1579049442032,23.079000
1579049443032,23.108000
1579049444032,23.108000
1579049445032,23.108000
1579049446032,23.108000
1579049447032,23.108000
1579049448032,23.079000
1579049449032,23.108000
1579049450032,23.108000
1579049451032,23.108000
1579049452032,23.108000
1579049453033,23.108000
1579049454033,23.108000
1579049455033,23.108000
1579049456033,23.108000
1579049457033,23.108000
1579049458033,23.108000
1579049459033,23.108000
1579049460033,23.108000
1579049461033,23.108000
1579049462033,23.108000
1579049463033,23.079000
1579049464034,23.108000
1579049465034,23.079000
1579049466034,23.108000
1579049467034,23.108000
1579049468034,23.108000
1579049469034,23.079000
1579049470034,23.108000
1579049471034,23.108000
1579049472034,23.079000
1579049473034,23.108000
1579049474034,23.079000
1579049475035,23.079000
1579049476034,23.108000
1579049477034,23.108000
1579049478034,23.108000
1579049479034,23.108000
1579049480034,23.108000
1579049481034,23.079000
1579049482033,23.108000
1579049483033,23.108000
1579049484033,23.079000
1579049485033,23.079000
1579049486033,23.108000
1579049487033,23.079000
1579049488033,23.079000
1579049489032,23.079000
1579049490032,23.108000
1579049491032,23.108000
1579049492032,23.108000
1579049493032,23.079000
1579049494032,23.079000
1579049495031,23.079000
1579049496031,23.108000
1579049497031,23.079000
1579049498031,23.079000
1579049499031,23.079000
1579049500031,23.079000
1579049501031,23.079000
1579049502030,23.108000
1579049503030,23.079000
1579049504030,23.079000
1579049505030,23.079000
1579049506030,23.079000
1579049507030,23.108000
1579049508029,23.079000
1579049509029,23.079000
1579049510029,23.108000
1579049511029,23.079000
1579049512029,23.079000
1579049513029,23.079000
1579049514029,23.079000
1579049515028,23.079000
1579049516028,23.079000
1579049517028,23.108000
1579049518028,23.079000
1579049519028,23.079000
1579049520028,23.079000
1579049521027,23.079000
1579049522027,23.079000
1579049523027,23.079000
1579049524027,23.108000
1579049525027,23.079000
1579049526027,23.108000
1579049527027,23.079000
1579049528026,23.079000
1579049529026,23.079000
1579049530026,23.079000
1579049531026,23.079000
1579049532026,23.079000
1579049533026,23.079000
1579049534025,23.079000
1579049535025,23.108000
1579049536025,23.079000
1579049537025,23.079000
1579049538025,23.079000
1579049539025,23.079000
1579049540025,23.108000
1579049541024,23.079000
1579049542024,23.079000
1579049543024,23.079000
1579049544024,23.079000
1579049545024,23.079000
1579049546024,23.079000
1579049547023,23.079000
1579049548023,23.079000
1579049549023,23.079000
1579049550023,23.079000
1579049551023,23.108000
1579049552023,23.079000
1579049553023,23.079000
1579049554022,23.050000
1579049555022,23.079000
1579049556022,23.079000
1579049557022,23.079000
1579049558022,23.079000
1579049559022,23.079000
1579049560021,23.079000
1579049561021,23.079000
1579049562021,23.079000
1579049563021,23.079000
1579049564021,23.050000
1579049565021,23.079000
1579049566021,23.050000
1579049567020,23.079000
1579049568020,23.079000
1579049569020,23.079000
1579049570020,23.079000
1579049571020,23.079000
1579049572020,23.079000
1579049573019,23.079000
1579049574019,23.050000
1579049575019,23.050000
1579049576019,23.079000
1579049577019,23.050000
1579049578019,23.079000
1579049579019,23.079000
1579049580018,23.050000
1579049581018,23.079000
1579049582018,23.050000
1579049583018,23.079000
1579049584018,23.079000
1579049585018,23.108000
1579049586017,23.079000
1579049587017,23.079000
1579049588017,23.079000
1579049589017,23.079000
1579049590017,23.079000
1579049591017,23.079000
1579049592017,23.079000
1579049593016,23.079000
1579049594016,23.079000
1579049595016,23.079000
1579049596016,23.079000
1579049597016,23.050000
1579049598016,23.079000
1579049599015,23.050000
1579049600015,23.079000
1579049601015,23.079000
1579049602015,23.079000
1579049603015,23.079000
1579049604015,23.079000
1579049605015,23.079000
1579049606015,23.079000
1579049607015,23.050000
1579049608015,23.050000
1579049609015,23.079000
1579049610015,23.050000
1579049611015,23.079000
1579049612015,23.079000
1579049613015,23.079000
1579049614015,23.079000
1579049615015,23.079000
1579049616016,23.079000
1579049617016,23.079000
1579049618016,23.079000
1579049619016,23.050000
1579049620016,23.050000
1579049621016,23.079000
1579049622016,23.079000
1579049623016,23.050000
1579049624016,23.050000
1579049625016,23.079000
1579049626017,23.050000
1579049627017,23.050000
1579049628017,23.079000
1579049629017,23.079000
1579049630017,23.050000
1579049631017,23.079000
1579049632017,23.050000
1579049633017,23.050000
1579049634017,23.050000
1579049635017,23.079000
1579049636017,23.050000
1579049637018,23.079000
1579049638018,23.050000
1579049639018,23.079000
1579049640018,23.079000
1579049641018,23.079000
1579049642018,23.050000
1579049643018,23.050000
1579049644018,23.050000
1579049645018,23.079000
1579049646018,23.050000
1579049647019,23.050000
1579049648019,23.079000
1579049649019,23.079000
1579049650019,23.050000
1579049651019,23.050000
1579049652019,23.050000
1579049653019,23.050000
1579049654019,23.050000
1579049655019,23.079000
1579049656019,23.050000
1579049657019,23.079000
1579049658020,23.050000
1579049659020,23.050000
1579049660020,23.079000
1579049661020,23.079000
1579049662020,23.050000
1579049663020,23.050000
1579049664020,23.050000
1579049665020,23.079000
1579049666020,23.079000
1579049667020,23.050000
1579049668021,23.079000
1579049669021,23.079000
1579049670021,23.050000
1579049671021,23.050000
1579049672021,23.050000
1579049673021,23.050000
1579049674021,23.050000
1579049675021,23.079000
1579049676021,23.050000
1579049677021,23.050000
1579049678022,23.050000
1579049679022,23.050000
1579049680022,23.050000
1579049681022,23.079000
1579049682022,23.050000
1579049683022,23.079000
1579049684022,23.050000
1579049685022,23.050000
1579049686022,23.050000
1579049687022,23.079000
1579049688022,23.050000
1579049689023,23.050000
1579049690023,23.050000
1579049691023,23.050000
1579049692023,23.050000
1579049693023,23.050000
1579049694023,23.050000
1579049695023,23.050000
1579049696023,23.050000
1579049697023,23.050000
1579049698023,23.050000
1579049699024,23.079000
1579049700024,23.050000
1579049701024,23.050000
1579049702024,23.050000
1579049703024,23.050000
1579049704024,23.050000
1579049705024,23.050000
1579049706024,23.050000
1579049707024,23.079000
1579049708024,23.050000
1579049709024,23.050000
1579049710025,23.050000
1579049711025,23.050000
1579049712025,23.050000
1579049713025,23.050000
1579049714025,23.050000
1579049715025,23.050000
1579049716025,23.050000
1579049717025,23.050000
1579049718025,23.050000
1579049719025,23.050000
1579049720026,23.079000
1579049721026,23.050000
1579049722026,23.050000
1579049723026,23.050000
1579049724026,23.050000
1579049725026,23.050000
1579049726026,23.050000
1579049727026,23.050000
1579049728026,23.050000
1579049729026,23.079000
1579049730027,23.050000
1579049731027,23.050000
1579049732027,23.050000
1579049733027,23.050000
1579049734027,23.079000
1579049735027,23.050000
1579049736027,23.050000
1579049737027,23.079000
1579049738027,23.050000
1579049739027,23.050000
1579049740027,23.050000
1579049741027,23.050000
1579049742028,23.050000
1579049743028,23.050000
1579049744028,23.050000
1579049745028,23.050000
1579049746028,23.050000
1579049747028,23.050000
1579049748028,23.050000
1579049749028,23.050000
1579049750028,23.050000
1579049751028,23.050000
1579049752028,23.050000
1579049753028,23.050000
1579049754029,23.021000
1579049755029,23.050000
1579049756029,23.050000
1579049757029,23.050000
1579049758029,23.050000
1579049759029,23.050000
1579049760029,23.050000
1579049761029,23.050000
1579049762029,23.050000
1579049763029,23.050000
1579049764029,23.050000
1579049765029,23.050000
1579049766030,23.050000
1579049767030,23.050000
1579049768030,23.050000
1579049769030,23.050000
1579049770030,23.050000
1579049771030,23.050000
1579049772030,23.050000
1579049773030,23.050000
1579049774030,23.050000
1579049775030,23.050000
1579049776030,23.050000
1579049777030,23.050000
1579049778031,23.050000
1579049779031,23.050000
1579049780031,23.050000
1579049781031,23.050000
1579049782031,23.050000
1579049783031,23.050000
1579049784031,23.050000
1579049785031,23.050000
1579049786031,23.050000
1579049787031,23.050000
1579049788031,23.050000
1579049789031,23.050000
1579049790032,23.050000
1579049791032,23.050000
1579049792032,23.050000
1579049793032,23.050000
1579049794032,23.050000
1579049795032,23.050000
1579049796032,23.050000
1579049797032,23.050000
1579049798032,23.050000
1579049799032,23.021000
1579049800032,23.050000
1579049801033,23.050000
1579049802033,23.050000
1579049803033,23.050000
1579049804033,23.079000
1579049805033,23.050000
1579049806033,23.050000
1579049807033,23.050000
1579049808033,23.079000
1579049809033,23.050000
1579049810033,23.050000
1579049811033,23.050000
1579049812033,23.050000
1579049813034,23.079000
1579049814034,23.079000
1579049815034,23.050000
1579049816034,23.079000
1579049817034,23.050000
1579049818034,23.050000
1579049819034,23.079000
1579049820034,23.050000
1579049821034,23.050000
1579049822034,23.050000
1579049823034,23.050000
1579049824034,23.050000
1579049825035,23.050000
1579049826035,23.079000
1579049827035,23.050000
1579049828035,23.050000
1579049829035,23.050000
1579049830035,23.050000
1579049831035,23.079000
1579049832035,23.079000
1579049833035,23.079000
1579049834035,23.050000
1579049835035,23.079000
1579049836035,23.050000
1579049837036,23.050000
1579049838036,23.079000
1579049839036,23.050000
1579049840036,23.079000
1579049841036,23.050000
1579049842036,23.079000
1579049843036,23.050000
1579049844036,23.079000
1579049845036,23.079000
1579049846036,23.079000
1579049847036,23.079000
1579049848036,23.079000
1579049849037,23.050000
1579049850037,23.079000
1579049851037,23.050000
1579049852037,23.079000
1579049853037,23.079000
1579049854037,23.079000
1579049855037,23.079000
1579049856037,23.050000
1579049857037,23.079000
1579049858037,23.079000
1579049859037,23.079000
1579049860038,23.079000
1579049861035,23.050000
1579049862033,23.079000
1579049863031,23.079000
1579049864029,23.050000
1579049865027,23.079000
1579049866025,23.079000
1579049867022,23.079000
1579049868020,23.050000
1579049869018,23.050000
1579049870016,23.050000
1579049871014,23.050000
1579049872012,23.079000
1579049873010,23.079000
1579049874007,23.079000
1579049875005,23.050000
1579049876003,23.079000
1579049877001,23.079000
1579049877999,23.050000
1579049878997,23.050000
1579049879994,23.050000
1579049880992,23.079000
1579049881990,23.079000
1579049882988,23.079000
1579049883986,23.050000
1579049884984,23.079000
1579049885982,23.050000
1579049886979,23.079000
1579049887977,23.079000
1579049888975,23.050000
1579049889973,23.079000
1579049890971,23.079000
1579049891969,23.079000
1579049892966,23.079000
1579049893964,23.079000
1579049894962,23.050000
1579049895960,23.079000
1579049896958,23.050000
1579049897956,23.079000
1579049898954,23.050000
1579049899951,23.079000
1579049900949,23.079000
1579049901947,23.079000
1579049902945,23.050000
1579049903943,23.050000
1579049904941,23.079000
1579049905939,23.079000
1579049906936,23.079000
1579049907934,23.050000
1579049908932,23.079000
1579049909930,23.050000
1579049910928,23.079000
1579049911926,23.079000
1579049912923,23.079000
1579049913921,23.079000
1579049914919,23.079000
1579049915917,23.050000
1579049916915,23.079000
1579049917913,23.079000
1579049918911,23.050000
1579049919908,23.050000
1579049920906,23.050000
1579049921904,23.079000
1579049922902,23.050000
1579049923900,23.079000
1579049924898,23.050000
1579049925895,23.050000
1579049926893,23.079000
1579049927891,23.050000
1579049928889,23.050000
1579049929887,23.050000
1579049930885,23.079000
1579049931883,23.079000
1579049932880,23.079000
1579049933878,23.050000
1579049934876,23.079000
1579049935874,23.079000
1579049936872,23.079000
1579049937870,23.050000
1579049938867,23.079000
1579049939865,23.050000
1579049940863,23.050000
1579049941861,23.050000
1579049942859,23.050000
1579049943857,23.079000
1579049944855,23.050000
1579049945852,23.050000
1579049946850,23.050000
1579049947848,23.050000
1579049948846,23.050000
1579049949844,23.079000
1579049950842,23.079000
1579049951840,23.050000
1579049952837,23.050000
1579049953835,23.050000
1579049954833,23.050000
1579049955831,23.079000
1579049956829,23.050000
1579049957827,23.050000
1579049958824,23.050000
1579049959822,23.050000
1579049960820,23.050000
1579049961818,23.050000
1579049962816,23.050000
1579049963814,23.050000
1579049964812,23.050000
1579049965809,23.079000
1579049966807,23.050000
1579049967805,23.050000
1579049968803,23.050000
1579049969801,23.050000
1579049970799,23.050000
1579049971796,23.050000
1579049972794,23.050000
1579049973792,23.050000
1579049974790,23.050000
1579049975788,23.050000
1579049976786,23.050000
1579049977784,23.050000
1579049978781,23.050000
1579049979779,23.079000
1579049980777,23.050000
1579049981775,23.050000
1579049982773,23.050000
1579049983771,23.050000
1579049984769,23.050000
1579049985769,23.050000
1579049986769,23.050000
1579049987769,23.050000
1579049988769,23.050000
1579049989769,23.050000
1579049990769,23.050000
1579049991769,23.079000
1579049992769,23.050000
1579049993769,23.050000
1579049994769,23.050000
1579049995770,23.050000
1579049996770,23.050000
1579049997770,23.050000
1579049998770,23.079000
1579049999770,23.050000
1579050000770,23.050000
1579050001770,23.050000
1579050002770,23.050000
1579050003770,23.050000
1579050004770,23.050000
1579050005771,23.050000
1579050006771,23.050000
1579050007771,23.050000
1579050008771,23.050000
1579050009771,23.050000
1579050010771,23.050000
1579050011771,23.050000
1579050012771,23.050000
1579050013771,23.050000
1579050014771,23.050000
1579050015771,23.050000
1579050016772,23.050000
1579050017772,23.050000
1579050018772,23.050000
1579050019772,23.050000
1579050020772,23.050000
1579050021772,23.050000
1579050022772,23.050000
1579050023772,23.021000
1579050024772,23.050000
1579050025772,23.021000
1579050026773,23.050000
1579050027773,23.050000
1579050028773,23.021000
1579050029773,23.050000
1579050030773,23.050000
1579050031773,23.050000
1579050032773,23.050000
1579050033773,23.021000
1579050034773,23.050000
1579050035773,23.050000
1579050036773,23.050000
1579050037774,23.050000
1579050038774,23.050000
1579050039774,23.021000
1579050040774,23.050000
1579050041774,23.021000
1579050042774,23.050000
1579050043774,23.021000
1579050044774,23.050000
1579050045774,23.021000
1579050046774,23.050000
1579050047775,23.050000
1579050048775,23.050000
1579050049775,23.050000
1579050050775,23.050000
1579050051775,23.050000
1579050052775,23.021000
1579050053775,23.050000
1579050054775,23.050000
1579050055775,23.050000
1579050056775,23.050000
1579050057776,23.050000
1579050058776,23.050000
1579050059776,23.050000
1579050060776,23.050000
1579050061776,23.050000
1579050062776,23.050000
1579050063776,23.050000
1579050064776,23.021000
1579050065776,23.021000
1579050066776,23.050000
1579050067776,23.021000
1579050068777,23.050000
1579050069777,23.050000
1579050070777,23.050000
1579050071777,23.050000
1579050072777,23.050000
1579050073777,23.021000
1579050074777,23.050000
1579050075777,23.021000
1579050076777,23.050000
1579050077777,23.050000
1579050078778,23.050000
1579050079778,23.050000
1579050080778,23.050000
1579050081778,23.021000
1579050082778,23.050000
1579050083778,23.050000
1579050084778,23.050000
1579050085778,23.050000
1579050086778,23.050000
1579050087778,23.050000
1579050088778,23.050000
1579050089779,23.050000
1579050090779,23.050000
1579050091779,23.050000
1579050092779,23.021000
1579050093779,23.050000
1579050094779,23.021000
1579050095779,23.050000
1579050096779,23.021000
1579050097779,23.050000
1579050098779,23.050000
1579050099780,23.021000
1579050100780,23.050000
1579050101780,23.050000
1579050102780,23.050000
1579050103780,23.050000
1579050104780,23.050000
1579050105780,23.050000
1579050106780,23.050000
1579050107780,23.050000
1579050108780,23.021000
1579050109781,23.050000
1579050110780,23.021000
1579050111780,23.050000
1579050112780,23.021000
1579050113780,23.050000
1579050114780,23.050000
1579050115780,23.050000
1579050116779,23.050000
1579050117779,23.021000
1579050118779,23.021000
1579050119779,23.050000
1579050120779,23.050000
1579050121779,23.021000
1579050122779,23.050000
1579050123778,23.050000
1579050124778,23.050000
1579050125778,23.021000
1579050126778,23.021000
1579050127778,23.050000
1579050128778,23.050000
1579050129777,23.050000
1579050130777,23.021000
1579050131777,23.050000
1579050132777,23.050000
1579050133777,23.050000
1579050134777,23.050000
1579050135777,23.050000
1579050136776,23.050000
1579050137776,23.021000
1579050138776,23.050000
1579050139776,23.050000
1579050140776,23.050000
1579050141776,23.021000
1579050142775,23.021000
1579050143775,23.021000
1579050144775,23.050000
1579050145775,23.021000
1579050146775,23.021000
1579050147775,23.050000
1579050148775,23.021000
1579050149774,23.050000
1579050150774,23.050000
1579050151774,23.050000
1579050152774,23.050000
1579050153774,23.050000
1579050154774,23.050000
1579050155773,23.050000
1579050156773,23.050000
1579050157773,23.021000
1579050158773,23.050000
1579050159773,23.050000
1579050160773,23.050000
1579050161773,23.021000
1579050162772,23.050000
1579050163772,23.050000
1579050164772,23.050000
1579050165772,23.021000
1579050166772,23.050000
1579050167772,23.021000
1579050168771,23.021000
1579050169771,23.050000
1579050170771,23.050000
1579050171771,23.050000
1579050172771,23.050000
1579050173771,23.021000
1579050174771,23.050000
1579050175770,23.050000
1579050176770,23.021000
1579050177770,23.050000
1579050178770,23.050000
1579050179770,23.050000
1579050180770,23.050000
1579050181769,23.050000
1579050182769,23.050000
1579050183769,23.050000
1579050184769,23.050000
1579050185769,23.021000
1579050186769,23.021000
1579050187769,23.021000
1579050188768,23.021000
1579050189768,23.050000
1579050190768,23.021000
1579050191768,23.050000
1579050192768,23.021000
1579050193768,23.021000
1579050194767,23.050000
1579050195767,23.050000
1579050196767,23.021000
1579050197767,23.050000
1579050198767,23.050000
1579050199767,23.050000
1579050200767,23.050000
1579050201766,23.050000
1579050202766,23.050000
1579050203766,23.021000
1579050204766,23.050000
1579050205766,23.050000
1579050206766,23.050000
1579050207765,23.050000
1579050208765,23.050000
1579050209765,23.050000
1579050210765,23.050000
1579050211765,23.050000
1579050212765,23.050000
1579050213765,23.050000
1579050214764,23.021000
1579050215764,23.050000
1579050216764,23.021000
1579050217764,23.021000
1579050218764,23.021000
1579050219764,23.050000
1579050220763,23.021000
1579050221763,23.050000
1579050222763,23.050000
1579050223763,23.050000
1579050224763,23.021000
1579050225763,23.021000
1579050226763,23.021000
1579050227762,23.050000
1579050228762,23.021000
1579050229762,23.050000
1579050230762,23.050000
1579050231762,23.021000
1579050232762,23.050000
1579050233761,23.050000
1579050234761,23.050000
1579050235761,23.050000
1579050236761,23.021000
1579050237761,23.021000
1579050238761,23.021000
1579050239761,23.050000
1579050240760,23.050000
1579050241760,23.050000
1579050242760,23.050000
1579050243760,23.050000
1579050244760,23.050000
1579050245760,23.050000
1579050246759,23.021000
1579050247759,23.050000
1579050248759,23.021000
1579050249759,23.050000
1579050250759,23.050000
1579050251759,23.021000
1579050252758,23.021000
1579050253758,23.021000
1579050254758,23.050000
1579050255758,23.050000
1579050256758,23.021000
1579050257758,23.050000
1579050258757,23.050000
1579050259757,23.079000
1579050260757,23.050000
1579050261757,23.108000
1579050262757,23.079000
1579050263757,23.079000
1579050264757,23.079000
